DIPPR ID,Cp_liq_298K,smiles,temperature,total_atoms,predicted,predicted_stddev
408,2045.2228384945497,C#CC(C)(C)C,298.15,6,23.414223,1.3584038
419,2382.333313598403,C#CC(C)C,298.15,5,22.675035,1.0216748
403,2544.879330126551,C#CCC,298.15,4,22.542479,0.96647394
405,2389.9586467189115,C#CCCC,298.15,5,26.230267,1.4035829
413,2316.66731757398,C#CCCCC,298.15,6,31.383121,1.6379462
2414,2266.2521538803107,C#CCCCCC,298.15,7,36.71908,2.70474
416,2227.9190715236987,C#CCCCCCC,298.15,8,41.699886,3.6682272
426,2228.168262844112,C#CCCCCCCC,298.15,9,47.310535,4.541503
427,2217.6849811088714,C#CCCCCCCCC,298.15,10,52.587093,5.3775725
1179,2595.085222408143,C#CCO,298.15,4,47.26758,5.273944
615,1754.870016821326,C#Cc1ccccc1,298.15,8,44.837055,4.306506
208,2154.5109427992734,C/C(=C\C(C)(C)C)CC(C)(C)C,298.15,12,47.747116,4.996843
225,2122.570854543942,C/C=C(/C)CC,298.15,6,30.849178,1.4507986
2226,2236.8341097398943,C/C=C(\C)CC,298.15,6,30.849178,1.4507986
228,2291.8665815228364,C/C=C/C(C)C,298.15,6,30.239132,1.096181
1036,2088.015674313456,C/C=C/C=O,298.15,5,38.931778,3.386786
211,2232.032350775736,C/C=C/CC,298.15,5,26.75312,0.88150036
218,2167.3805301897746,C/C=C/CCC,298.15,6,31.845345,1.3365389
236,2161.324036158833,C/C=C/CCCC,298.15,7,36.827045,1.9456829
251,2156.7975057856725,C/C=C/CCCCC,298.15,8,42.007034,2.7266297
245,2153.190554525059,C/C=C/CCCCCC,298.15,9,47.38791,3.5754194
3261,2150.3763423298897,C/C=C/CCCCCCC,298.15,10,52.231926,4.4687977
3263,2146.102223536984,C/C=C/CCCCCCCCC,298.15,12,60.349968,6.0049477
272,2138.5774918131547,C/C=C/CCCCCCCCCCCC,298.15,15,74.38055,8.345579
271,2137.59872736503,C/C=C/CCCCCCCCCCCCCCCCC,298.15,20,96.62241,12.83982
619,1716.7014200384538,C/C=C/c1ccccc1,298.15,9,49.11882,3.9883776
205,2272.412612370143,C/C=C\C,298.15,4,20.98616,0.6739553
1273,2298.8494142359405,C/C=C\C(=O)O,298.15,6,59.245136,8.017271
227,2196.779432948605,C/C=C\C(C)C,298.15,6,30.239132,1.096181
1035,2096.519336744469,C/C=C\C=O,298.15,5,38.931778,3.386786
210,2169.9778819477806,C/C=C\CC,298.15,5,26.75312,0.88150036
217,2118.4486720976874,C/C=C\CCC,298.15,6,31.845345,1.3365389
235,2089.614875043791,C/C=C\CCCC,298.15,7,36.827045,1.9456829
276,2147.371492457947,C/C=C\CCCCC,298.15,8,42.007034,2.7266297
244,2153.190554525059,C/C=C\CCCCCC,298.15,9,47.38791,3.5754194
3260,2150.3763423298897,C/C=C\CCCCCCC,298.15,10,52.231926,4.4687977
3262,2146.102223536984,C/C=C\CCCCCCCCC,298.15,12,60.349968,6.0049477
618,1632.085667578344,C/C=C\c1ccccc1,298.15,9,49.11882,3.9883776
343,1779.216736315646,C1=CC=CC=CC=C1,298.15,8,24.821157,4.6345954
315,1923.174342354197,C1=CCC=C1,298.15,5,26.832571,1.6875936
332,1830.6276579996072,C1=CCC=CC1,298.15,6,32.29577,10.1855545
269,1802.3462450538088,C1=CCCC1,298.15,5,28.517561,3.8987913
331,1790.957020400474,C1=CCCC=C1,298.15,6,32.3146,1.8551544
333,1922.3101327811555,C1=CCCC=CCC1,298.15,8,33.247604,8.980662
322,1763.3253987772027,C1=CCCC=CCCC=CCC1,298.15,12,33.247604,8.980663
270,1807.5034424052524,C1=CCCCC1,298.15,6,31.72061,2.5570536
1477,1760.1929978722908,C1=CCOC1,298.15,5,32.396763,1.6609055
2478,1756.4916481053217,C1=COCC1,298.15,5,31.048046,1.4098994
803,1611.7805355677383,C1=Cc2ccccc2C1,298.15,9,49.15196,5.450305
1467,1603.3787937727395,C1CC(C2CCOC2)CO1,298.15,10,58.673645,7.3810406
101,2123.5624717672986,C1CC1,298.15,3,55.76603,18.294306
155,1776.6894317080846,C1CCC(C2CCCCC2)CC1,298.15,12,54.488323,6.7565928
102,1954.359960110374,C1CCC1,298.15,4,55.766026,18.294308
104,1814.7637077021127,C1CCCC1,298.15,5,55.76602,18.294306
137,1840.7285260543315,C1CCCCC1,298.15,6,55.76603,18.29431
159,1841.619992905423,C1CCCCCC1,298.15,7,55.766026,18.294308
160,1920.1938884109973,C1CCCCCCC1,298.15,8,55.76603,18.294308
1479,1719.9699216004922,C1CCOC1,298.15,5,44.44417,22.040176
1452,1727.3072287238242,C1CCOCC1,298.15,6,46.57728,21.189732
154,1658.015813895621,C1CC[C@H]2CCCC[C@@H]2C1,298.15,10,48.85263,6.369927
153,1682.6025456685763,C1CC[C@H]2CCCC[C@H]2C1,298.15,10,48.85263,6.369927
1443,1869.0646889341715,C1COC1,298.15,4,41.768665,22.862537
1421,1744.7487875048237,C1COCCO1,298.15,6,37.564426,25.464869
2422,1644.8604635784573,C1COCOC1,298.15,6,45.50945,16.033339
341,2217.634607101844,C=C(C)/C=C/C,298.15,6,32.31186,1.7459539
207,2337.7438376660657,C=C(C)C,298.15,4,19.62515,0.52937317
1278,1867.105833813354,C=C(C)C(=O)O,298.15,6,54.89596,7.1950946
1351,1896.41423957212,C=C(C)C(=O)OC,298.15,7,38.543198,2.1369534
3899,1866.9628809252545,C=C(C)C(=O)OC(C)(C)C,298.15,10,46.293037,3.9877067
1389,1967.3095027846043,C=C(C)C(=O)OCCCC,298.15,10,50.352146,4.0167527
2353,2019.258414347696,C=C(C)C(=O)OCCCCCCCCCCCCCCCC,298.15,22,100.04014,13.4258585
2873,2313.022869392472,C=C(C)C(=O)OCCO,298.15,9,61.489506,7.496399
2874,1510.7907799967336,C=C(C)C(=O)OCCOC(=O)CC(C)=O,298.15,15,82.0438,11.345549
248,2250.2400664552274,C=C(C)C(C)(C)C,298.15,7,30.86868,1.6864384
230,2226.5813975210185,C=C(C)C(C)C,298.15,6,28.243542,1.0191172
289,2207.81821133516,C=C(C)C(C)CCC,298.15,8,36.577854,2.4292307
290,1877.2344800143983,C=C(C)C1CC=C(C)CC1,298.15,10,51.053715,5.2841163
1037,1827.182751109074,C=C(C)C=O,298.15,5,32.27349,2.5758023
212,2244.3746132616056,C=C(C)CC,298.15,5,25.499872,0.62822235
256,2102.9834916831583,C=C(C)CC(C)(C)C,298.15,8,34.64794,1.9604985
221,2224.7175163205475,C=C(C)CCC,298.15,6,29.835234,0.8858105
2252,2052.9482787891616,C=C(C)CCCCC,298.15,8,39.44281,1.7171837
2251,2053.377476188361,C=C(C)CCCCCC,298.15,9,43.96773,2.608882
3258,2088.687182280096,C=C(C)CCCCCCC,298.15,10,48.554813,3.4642506
7853,2064.351176682396,C=C(C)OC(C)=O,298.15,7,38.136303,1.7088221
613,1714.6155151462951,C=C(C)c1ccccc1,298.15,9,45.952,3.363984
229,2137.431864846632,C=C(CC)CC,298.15,6,30.907927,1.1960639
233,1978.0118297744789,C=C(CC)CCC,298.15,7,34.687397,1.5743839
258,2020.463835832824,C=C(CC)CCCC,298.15,8,39.215546,2.536735
582,1724.369704716433,C=C(CC)c1ccccc1,298.15,10,48.847404,4.4667172
306,2192.936294508413,C=C/C=C/C,298.15,5,27.721127,1.0436286
340,2254.820229213677,C=C/C=C/CC,298.15,6,32.323875,1.5387973
305,2152.509622743732,C=C/C=C\C,298.15,5,27.721127,1.0436286
318,1897.6794820385064,C=C1C=CC(C(C)C)CC1,298.15,10,48.465973,4.069894
841,1626.9288799356211,C=C1CCC2CC1C2(C)C,298.15,10,42.64933,4.1622343
311,2238.410201005648,C=C=C(C)C,298.15,5,27.368885,1.230246
304,2103.202044317736,C=C=CCC,298.15,5,27.365505,1.2964383
202,2581.690265389416,C=CC,298.15,3,13.544442,0.38856363
309,2238.124365320164,C=CC(=C)C,298.15,5,25.20921,0.8929777
1277,2009.1326152446068,C=CC(=O)O,298.15,5,44.899612,5.2077627
1341,1879.9247608731664,C=CC(=O)OC,298.15,6,34.674038,1.9418088
2343,1843.479445004518,C=CC(=O)OC(C)C,298.15,8,39.220066,2.5217824
2389,1912.0013597270515,C=CC(=O)OC(C)CC,298.15,9,43.477604,3.7034311
1342,1737.958796962065,C=CC(=O)OCC,298.15,7,38.71026,2.17232
2384,1840.2477870681405,C=CC(=O)OCC(C)C,298.15,9,45.063137,3.685237
7850,1487.383612438377,C=CC(=O)OCC(C)O,298.15,9,57.608246,6.547456
1343,1906.5982423733549,C=CC(=O)OCCC,298.15,8,42.870613,2.846098
5899,1683.007513817969,C=CC(=O)OCCC(=O)O,298.15,10,77.484436,11.655031
3339,1705.1457600109889,C=CC(=O)OCCCCCCOC(=O)C=C,298.15,16,85.43719,11.489084
6883,2322.240479115318,C=CC(=O)OCCO,298.15,8,59.809757,7.3638153
231,2244.1634784240146,C=CC(C)(C)C,298.15,6,25.393347,0.7557812
213,2227.334696389435,C=CC(C)C,298.15,5,23.063063,0.5437883
321,2007.1509604275395,C=CC(C)C=C,298.15,6,26.899698,0.9542928
222,2299.545093246653,C=CC(C)CC,298.15,6,28.81259,0.84440005
3303,1666.3811710796545,C=CC(C)OC(C)=O,298.15,8,39.424664,2.3219123
3880,2062.4984084806665,C=CC(C)OCCO,298.15,8,53.084846,5.8999195
239,2196.992905744112,C=CC(CC)CC,298.15,7,33.534424,1.2958585
241,2187.557795036,C=CC(CC)CCC,298.15,8,37.491684,2.076106
3319,1657.5939721657255,C=CC(OC(C)=O)OC(C)=O,298.15,11,54.97291,5.4918623
2285,1740.700864266276,C=CC1CC=C(C)CC1,298.15,9,47.05273,4.392564
285,1851.9207771101087,C=CC1CC=CCC1,298.15,8,42.52763,4.078158
246,1863.5918022107155,C=CC1CCCCC1,298.15,8,40.233738,2.714828
3366,1677.0600628670206,C=CC1COC(=O)O1,298.15,8,70.784874,9.460707
303,2286.143704780018,C=CC=C,298.15,4,20.357779,0.48516667
1034,2161.4092214631155,C=CC=O,298.15,4,28.244818,1.635388
204,2287.738553466497,C=CCC,298.15,4,19.809229,0.35739625
223,2116.273636819685,C=CCC(C)C,298.15,6,28.668707,0.69466245
226,2146.9696786720315,C=CCC(C)CC,298.15,7,33.40792,1.4174093
242,2132.985433318393,C=CCC(C)CCC,298.15,8,38.472183,2.2160363
292,1789.857225730043,C=CCC1=CCCCC1,298.15,9,47.73565,5.159398
307,2159.1950975608643,C=CCC=C,298.15,5,24.776009,0.59376407
313,2122.576718202148,C=CCC=CC,298.15,6,31.076473,1.4720517
209,2215.374895708156,C=CCCC,298.15,5,25.145538,0.44880426
1056,2055.966170107368,C=CCCC(C)=O,298.15,7,41.627502,4.376576
2240,2032.85648552338,C=CCCC(C)C,298.15,7,33.574417,1.2373372
216,2175.367925196224,C=CCCCC,298.15,6,30.49804,0.70037043
268,2044.430346017236,C=CCCCC(C)C,298.15,8,38.9511,1.7391528
234,2158.413051608573,C=CCCCCC,298.15,7,35.539543,0.93705034
3251,2053.3650094894856,C=CCCCCC(C)C,298.15,9,44.22794,2.727553
250,2150.306587338893,C=CCCCCCC,298.15,8,40.84901,1.4681498
3259,2060.512041048916,C=CCCCCCC(C)C,298.15,10,49.088608,3.5992875
259,2137.538803399356,C=CCCCCCCC,298.15,9,45.606472,2.094143
342,2076.556809979838,C=CCCCCCCC=C,298.15,10,50.08684,3.7171965
260,2138.603060259739,C=CCCCCCCCC,298.15,10,50.168015,3.0667057
261,2137.625804437398,C=CCCCCCCCCC,298.15,11,54.77533,4.173005
262,2141.3381777090394,C=CCCCCCCCCCC,298.15,12,59.174805,5.117978
263,2154.066786154798,C=CCCCCCCCCCCC,298.15,13,64.45357,6.0371165
264,2155.3952160047925,C=CCCCCCCCCCCCC,298.15,14,69.15651,6.8617325
265,2153.3983764146387,C=CCCCCCCCCCCCCC,298.15,15,74.43191,7.673297
266,2166.31784585486,C=CCCCCCCCCCCCCCC,298.15,16,79.260765,8.417377
281,2154.5086161284607,C=CCCCCCCCCCCCCCCC,298.15,17,84.230255,9.483828
267,2163.3271755654378,C=CCCCCCCCCCCCCCCCC,298.15,18,88.65825,10.437951
283,2162.1966473596863,C=CCCCCCCCCCCCCCCCCC,298.15,19,92.62013,11.291637
1167,2593.226756023891,C=CCO,298.15,4,47.470497,3.9032278
3307,1926.3118253737216,C=CCOC(=O)C=C,298.15,8,43.182373,3.5654225
3308,1346.2227196517506,C=CCOC(=O)c1ccccc1C(=O)OCC=C,298.15,18,85.01134,11.5080595
1318,1955.9744924317288,C=CCOC(C)=O,298.15,7,39.565712,2.2933373
3863,2023.868059037855,C=CCOCC(C)O,298.15,8,51.761894,5.6621556
1464,1929.444665404692,C=CCOCC1CO1,298.15,8,49.632748,5.0226383
1453,1880.9444980475207,C=CCOCC=C,298.15,7,35.663204,2.5095415
1487,1878.628720798917,C=CCOOC(C)(C)C,298.15,9,36.898113,2.4093175
2390,1875.715196498954,C=COC(=O)C(C)(C)C,298.15,9,40.807106,3.2986884
1331,1794.1833067349626,C=COC(=O)CC,298.15,7,38.62462,2.0033388
1321,1992.4007864041823,C=COC(C)=O,298.15,6,34.274517,1.6195816
1414,1895.771438359116,C=COC=C,298.15,5,25.865602,1.260228
1311,1923.584209463323,C=COC=O,298.15,5,29.855206,1.988685
1445,2161.306299114006,C=COCC,298.15,5,27.41177,1.2455572
1447,2140.299093274696,C=COCCCC,298.15,7,36.865654,1.8491961
612,1725.753891574094,C=Cc1ccc(C)cc1,298.15,9,49.761528,4.141157
607,1661.610589439464,C=Cc1ccc(CC)cc1,298.15,10,53.187786,4.5029793
603,1739.1619493299418,C=Cc1cccc(C)c1,298.15,9,49.138252,4.2259097
606,1701.8500195479965,C=Cc1cccc(CC)c1,298.15,10,53.180386,5.049561
601,1748.8267102561376,C=Cc1ccccc1,298.15,8,43.28445,2.5444174
602,1732.9813021910977,C=Cc1ccccc1C,298.15,9,47.455536,3.6225243
605,1677.7557238009824,C=Cc1ccccc1CC,298.15,10,50.49937,4.7248554
404,2315.6289033035027,CC#CC,298.15,4,25.098423,1.5432774
412,2088.895802764553,CC#CCC,298.15,5,27.189856,2.0877695
1066,2053.036995110672,CC(=O)C(C)(C)C,298.15,7,38.364964,2.151466
3053,1928.169103948335,CC(=O)C(C)=O,298.15,6,38.71829,2.490469
1061,2090.5839575602345,CC(=O)C(C)C,298.15,6,36.81466,2.3084188
9851,2277.376491966822,CC(=O)C(C)O,298.15,6,50.41465,6.20904
1065,2164.3300706147274,CC(=O)C=C(C)C,298.15,7,42.393696,3.8691044
7878,1883.431565847045,CC(=O)CC(=O)OC(C)(C)C,298.15,11,59.52554,6.7407007
2854,1878.5920292736168,CC(=O)CC(C)(C)O,298.15,8,54.002487,6.598591
1076,2080.066631548615,CC(=O)CC(C)=O,298.15,7,45.7455,5.600094
1054,2136.2669420299853,CC(=O)CC(C)C,298.15,7,38.926666,3.091063
1064,2032.856139869424,CC(=O)CCC(C)C,298.15,8,43.07989,4.3295355
2889,1683.503942178877,CC(=O)CO,298.15,5,54.48324,7.3376875
1252,2063.1400192549604,CC(=O)O,298.15,4,53.608524,8.100799
2321,1982.015700436555,CC(=O)OC(C)(C)C,298.15,8,37.624893,1.5835594
1291,1857.7274028538443,CC(=O)OC(C)=O,298.15,7,47.943913,2.6595283
1319,1906.404439456664,CC(=O)OC(C)C,298.15,7,36.52065,1.433401
2380,1531.7218661972242,CC(=O)OC(C)OC(C)=O,298.15,10,54.5134,4.706398
1895,2162.1124268286617,CC(=O)OC1CC(C)OC(C)O1,298.15,12,49.053696,4.669446
1316,1959.028531014594,CC(=O)OCC(C)C,298.15,8,42.05304,2.3550887
2370,1760.8509886411096,CC(=O)OCC(COC(C)=O)OC(C)=O,298.15,15,80.94241,10.127844
7894,1481.6809962555571,CC(=O)OCC1OC(OC2(COC(=O)C(C)C)OC(COC(C)=O)C(OC(=O)C(C)C)C2OC(=O)C(C)C)C(OC(=O)C(C)C)C(OC(=O)C(C)C)C1OC(=O)C(C)C,298.15,59,102.35282,16.4248
1317,1943.3354763590776,CC(=O)OCCC(C)C,298.15,9,47.484695,3.4364681
1387,1759.610295064008,CC(=O)OCCOC(C)=O,298.15,10,58.323887,5.3955946
1359,1628.5328679926768,CC(=O)OCc1ccccc1,298.15,11,60.230087,5.706582
1290,2049.534506486478,CC(=O)OO,298.15,5,63.428856,9.901781
7868,1684.7792631791197,CC(=O)Oc1ccccc1,298.15,10,53.00402,4.1038923
62,1803.3833510813604,CC(C)(C)C1CCCCC1,298.15,10,47.88445,5.6873007
53,2076.38436654492,CC(C)(C)CC(C)(C)C,298.15,9,38.297497,2.7935019
58,2084.9345482375143,CC(C)(C)CCC(C)(C)C,298.15,10,42.685356,3.6170692
1113,2894.963792944884,CC(C)(C)CO,298.15,6,53.117863,4.7136383
1423,2060.94345759642,CC(C)(C)OC(C)(C)C,298.15,9,36.047073,1.5831062
2306,1888.0988143478687,CC(C)(C)OC=O,298.15,7,36.70926,2.4541478
1205,1821.03612963775,CC(C)(C)OCC(O)COC(C)(C)C,298.15,14,69.25409,8.0963
1473,2340.9502055558205,CC(C)(C)OO,298.15,6,67.733955,10.987882
1482,1937.942123834512,CC(C)(C)OOC(C)(C)C,298.15,10,35.470882,2.1366835
521,1783.856052017418,CC(C)(C)c1ccccc1,298.15,10,46.24483,3.5319653
1223,2860.5181240082843,CC(C)(O)CO,298.15,6,68.320915,9.056048
1472,1219.4782470059342,CC(C)(OO)c1ccccc1,298.15,11,72.62906,8.857151
232,2088.446155961807,CC(C)=C(C)C,298.15,6,31.740753,1.2004672
3054,1842.727537165054,CC(C)=C=O,298.15,5,30.986713,1.7478343
257,2141.837083040917,CC(C)=CC(C)(C)C,298.15,8,34.789536,1.9587618
1051,2175.690083305037,CC(C)=O,298.15,4,30.656261,1.4352728
4,2434.1786769033624,CC(C)C,298.15,4,18.305923,0.46556318
1069,2063.516181068645,CC(C)C(=O)C(C)C,298.15,8,41.833206,2.8231635
1260,2063.0312158309284,CC(C)C(=O)O,298.15,6,55.60505,7.130187
3292,1767.7029384472755,CC(C)C(=O)OC(=O)C(C)C,298.15,11,56.50623,5.5533514
2888,2052.192020792536,CC(C)C(=O)OCC(C)(C)C(O)C(C)C,298.15,15,70.50655,8.653947
3301,1853.476357944196,CC(C)C(=O)OCC(C)(C)C(OC(=O)C(C)C)C(C)C,298.15,20,98.89701,15.849926
25,2131.804417953884,CC(C)C(C)(C)C,298.15,7,31.62692,0.9988097
54,2127.8592967049667,CC(C)C(C)(C)C(C)C,298.15,9,40.957054,2.4252052
15,2194.3655612754246,CC(C)C(C)C,298.15,6,29.545897,0.6852521
52,2122.4478705460388,CC(C)C(C)C(C)(C)C,298.15,9,39.554592,2.2173429
43,2177.721153694165,CC(C)C(C)C(C)C,298.15,8,37.498745,1.5954217
1124,2784.4403892946298,CC(C)C(C)O,298.15,6,47.707283,3.549549
115,1792.5407415123375,CC(C)C1CCCC1,298.15,8,39.595078,3.1010723
150,1917.334145882286,CC(C)C1CCCCC1,298.15,9,44.193344,3.795148
2089,2109.138480566183,CC(C)CC(=O)CC(C)CC(C)C,298.15,13,62.17858,6.7911167
1261,1966.254884633395,CC(C)CC(=O)O,298.15,7,62.22554,8.405613
41,2086.6224813544445,CC(C)CC(C)(C)C,298.15,8,34.94758,0.9122385
23,2239.0268189588464,CC(C)CC(C)C,298.15,7,33.968273,0.8729738
1130,2671.977259939666,CC(C)CC(C)O,298.15,7,50.15882,3.7874708
61,1930.2434102210327,CC(C)CC1CCCCC1,298.15,10,48.893105,4.8534703
1032,2205.896135135193,CC(C)CC=O,298.15,6,36.42556,2.7321405
47,2155.0919638156565,CC(C)CCC(C)(C)C,298.15,9,39.570206,2.253624
35,2183.299132102308,CC(C)CCC(C)C,298.15,8,37.8304,1.5344332
176,2146.4225273496827,CC(C)CCCC(C)C,298.15,9,42.730976,2.5266056
2099,2139.55238139787,CC(C)CCCCC(C)C,298.15,10,47.863644,3.3408647
1139,2232.045383637974,CC(C)CCCCCCCO,298.15,11,72.37652,8.590506
1123,2381.389278428532,CC(C)CCO,298.15,6,52.95025,4.6197653
1361,1982.766095785672,CC(C)CCOC(=O)CC(C)C,298.15,12,56.725224,5.2117114
1106,2452.499122282003,CC(C)CO,298.15,5,48.611183,3.6394587
1360,1944.055226731908,CC(C)COC(=O)C(C)C,298.15,10,46.653774,3.517167
1491,1955.6273848061448,CC(C)COC(C)(C)C,298.15,9,37.605446,2.1547575
1433,2131.3078479010064,CC(C)COC(C)C,298.15,8,36.848022,1.9918643
1305,2122.836778491848,CC(C)COC=O,298.15,7,39.98394,3.0984406
519,1798.6449077952095,CC(C)Cc1ccccc1,298.15,10,47.70421,3.3021736
1104,2609.340868325273,CC(C)O,298.15,4,42.201538,2.8277044
1403,2122.507373753631,CC(C)OC(C)C,298.15,7,31.743513,1.255392
537,1937.7014616536603,CC(C)c1cc(C(C)C)cc(C(C)C)c1,298.15,15,59.67168,6.03412
544,1794.138854992903,CC(C)c1ccc(C(C)C)cc1,298.15,12,54.685307,4.8022842
543,1771.1921393023,CC(C)c1cccc(C(C)C)c1,298.15,12,55.166367,5.1332207
510,1741.773556618271,CC(C)c1ccccc1,298.15,9,44.207146,2.3241415
90,2053.020133450485,CC(CC(C)(C)C)CC(C)(C)CC(C)(C)C,298.15,16,60.172703,7.0384374
3858,2141.1604336842506,CC(CO)OC(C)(C)C,298.15,9,53.3281,5.2795672
2120,1874.6321862858565,CC(CO)c1ccccc1,298.15,10,65.12767,7.585182
1488,2014.9576700362104,CC(COC(C)(C)C)OCC(C)OC(C)(C)C,298.15,17,63.37494,6.7798266
5880,2344.7758283663047,CC(O)C(=O)O,298.15,6,72.00721,11.417397
1232,3687.3417080445465,CC(O)C(O)CO,298.15,7,92.55596,14.7847185
1888,1973.8678534462863,CC(O)CC=O,298.15,6,52.624653,6.552224
1221,2320.8947632700074,CC(O)CCO,298.15,6,77.83478,11.384993
1211,2508.1328928490384,CC(O)CO,298.15,5,68.90073,8.273691
3856,2273.264594980372,CC(O)COC(C)(C)C,298.15,9,49.14484,4.565318
2897,2322.795035204352,CC(O)COC(C)C,298.15,8,49.172955,4.4393234
3895,2421.818710996059,CC(O)COC(C)COC(C)(C)C,298.15,13,63.83288,7.058457
1208,1957.0175283478493,CC(O)COC(C)COC(C)COC(C)CO,298.15,17,97.34364,16.704203
1209,1895.315563335526,CC(O)COC(C)COC(C)COC(C)COC(C)CO,298.15,21,99.761894,17.82323
7886,1976.27804015088,CC(O)COC(C)c1ccccc1,298.15,13,69.90646,8.27493
1213,2430.9833739178875,CC(O)COCC(C)O,298.15,9,66.77069,8.415446
3852,2186.710300215018,CC(O)COCC(C)OC(C)(C)C,298.15,13,62.254562,7.1488905
1216,2297.163213949439,CC(O)COCC(C)OCC(C)O,298.15,13,80.58351,11.295214
1449,1582.312111000517,CC(OC(C)c1ccccc1)c1ccccc1,298.15,17,70.771034,8.219256
562,1591.7012550243403,CC(c1ccccc1)c1ccccc1,298.15,14,62.969078,6.7289486
220,2173.002264915376,CC/C=C/CC,298.15,6,31.771954,1.3852507
237,2139.7112415805536,CC/C=C/CCC,298.15,7,36.254505,2.099872
277,2129.585489342737,CC/C=C/CCCC,298.15,8,41.374138,2.9413185
3316,2039.157314725842,CC/C=C\C/C=C\C/C=C\CCCCCCCC(=O)OC,298.15,21,99.28757,16.481913
3331,1976.680393233426,CC/C=C\C/C=C\C/C=C\CCCCCCCC(=O)OCC,298.15,22,100.804634,16.493769
3340,1698.0644406281658,CC/C=C\C/C=C\C/C=C\CCCCCCCC(=O)OCC(COC(=O)CCCCCCC/C=C\C/C=C\C/C=C\CC)OC(=O)CCCCCCC/C=C\C/C=C\C/C=C\CC,298.15,63,121.40989,23.064463
219,2094.758444971784,CC/C=C\CC,298.15,6,31.771954,1.3852507
249,2089.140140425323,CC/C=C\CCC,298.15,7,36.254505,2.099872
108,1922.783247284216,CC1(C)CCCC1,298.15,7,49.416454,14.365027
141,1865.569052138401,CC1(C)CCCCC1,298.15,8,51.14308,13.462979
1440,1963.8592899507923,CC1(C)CO1,298.15,5,29.350183,2.014833
814,1414.1622871767863,CC12CC3CC(C1)CC(C)(C3)C2,298.15,12,50.88515,5.6528277
1077,1832.9966463818257,CC1=CC(=O)CC(C)(C)C1,298.15,10,60.851086,7.9247646
818,1705.702350872809,CC1=CC2CCC1C2,298.15,8,36.005806,3.8800073
821,2024.4658517561293,CC1=CC=C(C(C)C)CC1,298.15,10,46.28483,4.5555644
291,1891.5351384720395,CC1=CCC(=C(C)C)CC1,298.15,10,52.813744,5.447359
822,2004.5666707829405,CC1=CCC(C(C)C)=CC1,298.15,10,49.35134,4.8927946
317,1882.7269237146672,CC1=CCC(C(C)C)C=C1,298.15,10,47.039272,4.437357
840,1636.419701584667,CC1=CCC2CC1C2(C)C,298.15,10,41.54016,4.136627
286,1839.6001305014167,CC1=CCCC1,298.15,6,32.7666,1.8331403
724,1665.7575407645595,CC1=Cc2ccccc2C1,298.15,10,54.47056,6.566495
287,1825.601050409916,CC1C=CCC1,298.15,6,29.460293,1.760297
723,1628.4217393676888,CC1C=Cc2ccccc21,298.15,10,56.48351,6.6057816
119,1913.3611703734675,CC1CC(C)C(C)C1,298.15,8,44.004883,8.786885
288,1829.8216569487904,CC1CC=CC1,298.15,6,32.867474,2.3813734
118,1865.6207497048133,CC1CCC(C)(C)C1,298.15,8,36.99093,3.5326767
151,1905.5294267512472,CC1CCC(C)C(C)C1C,298.15,10,57.68526,11.4742985
117,1913.3611703734675,CC1CCC(C)C1C,298.15,8,39.780838,4.1895714
1173,1572.375396263471,CC1CCC(CO)CC1,298.15,9,72.02331,19.903093
6,1852.1302265933125,CC1CCCC(C)(C)C1,298.15,9,40.671623,3.869359
105,1885.3458377364727,CC1CCCC1,298.15,6,29.867184,2.172472
120,1865.6207497048133,CC1CCCC1(C)C,298.15,8,35.75179,3.6268635
138,1882.481870079397,CC1CCCCC1,298.15,7,35.125202,2.4469562
1400,1809.269952935461,CC1CCCO1,298.15,6,33.203175,1.7003328
835,1561.7143973159316,CC1CCCc2ccccc21,298.15,11,55.935177,6.089328
503,1581.0899477179605,CC1CCc2ccccc21,298.15,10,51.527466,5.728698
1442,2073.96901421252,CC1CO1,298.15,4,27.489656,1.7255911
9850,1827.2890472296297,CC1COC(C)(CO)O1,298.15,9,52.407692,5.8976445
1050,1947.9131836385995,CC1OC(C)OC(C)O1,298.15,9,45.2536,4.6582584
1492,2089.5245900087707,CC1OCCO1,298.15,6,35.77935,2.4138856
214,2180.322841713323,CC=C(C)C,298.15,5,25.83963,0.8767866
824,1665.7995305367967,CC=C1CC2C=CC1C2,298.15,9,40.67633,3.4791307
308,2237.7570375967744,CC=C=CC,298.15,5,28.188194,1.8005196
604,1866.2489812002143,CC=CCCc1ccccc1C,298.15,12,56.137547,6.2701564
3302,1780.0331239310292,CC=CCOC(C)=O,298.15,8,45.327324,3.8416796
3879,2157.277668551281,CC=CCOCCO,298.15,8,57.747414,7.4083157
1420,2468.6807034692342,CC=Cc1ccc(OC)cc1,298.15,11,61.995895,7.137312
3,2723.6156059248588,CCC,298.15,3,14.403953,0.48694444
1095,2095.8764752246943,CCC(=O)C(C)C,298.15,7,40.284817,2.4958029
1053,2216.565961446799,CCC(=O)CC,298.15,6,37.492455,2.4591732
1072,2126.16258203754,CCC(=O)CCC(C)C,298.15,9,48.889366,5.223853
1253,2049.1766816970203,CCC(=O)O,298.15,5,51.598507,6.4407988
1292,1787.730856620204,CCC(=O)OC(=O)CC,298.15,9,55.738583,4.6734
7890,1889.3702810414893,CCC(=O)OC(C)COC,298.15,10,51.34491,4.7868633
192,2068.227508369333,CCC(C(C)C)C(C)C,298.15,9,41.22535,2.6183486
14,2193.7481059557376,CCC(C)(C)C,298.15,6,26.430696,0.56418514
2262,2006.7725442191293,CCC(C)(C)C(=O)O,298.15,8,65.64988,9.064993
51,2118.3059668786536,CCC(C)(C)C(C)(C)C,298.15,9,40.55071,3.5719051
42,2150.697437080574,CCC(C)(C)C(C)C,298.15,8,36.82827,1.5578002
24,2141.164817485744,CCC(C)(C)CC,298.15,7,32.90096,0.884042
49,2110.6813829120174,CCC(C)(C)CC(C)C,298.15,9,40.27233,2.2872
1111,2819.98683247947,CCC(C)(C)O,298.15,6,45.894024,3.689021
39,2171.8149001784604,CCC(C)(CC)CC,298.15,8,37.47133,1.9191097
1119,2833.0893628143485,CCC(C)(O)CC,298.15,7,44.279217,3.5035682
1052,2201.3719974463475,CCC(C)=O,298.15,5,33.92361,2.0926294
8,2300.295240466761,CCC(C)C,298.15,5,24.157263,0.5026231
40,2148.8987625572645,CCC(C)C(C)(C)C,298.15,8,36.508236,1.3336798
1055,2084.975159228932,CCC(C)C(C)=O,298.15,7,39.5011,3.1632981
22,2174.26996287422,CCC(C)C(C)C,298.15,7,34.257492,1.0937458
37,2139.3217131969027,CCC(C)C(C)CC,298.15,8,38.644577,2.357235
828,1930.2434102210327,CCC(C)C1CCCCC1,298.15,10,48.769363,4.6903334
1031,2170.2775229680083,CCC(C)C=O,298.15,6,37.727444,2.4112773
13,2212.9550300587584,CCC(C)CC,298.15,6,29.711771,0.6788162
48,2135.001791117028,CCC(C)CC(C)(C)CC,298.15,10,44.622482,4.0259285
34,2215.432938548387,CCC(C)CC(C)C,298.15,8,36.933964,1.5942999
2098,2101.970734213505,CCC(C)CCCC(C)C,298.15,10,47.182297,3.8890815
3105,2242.8570168170545,CCC(C)CCCCCO,298.15,10,72.07067,8.963773
1118,2680.8374706992795,CCC(C)CCO,298.15,7,55.39435,5.5697846
1112,2454.596334281278,CCC(C)CO,298.15,6,50.57005,4.16961
1107,2664.076689039073,CCC(C)O,298.15,5,44.830368,3.1067753
1426,2168.670335630299,CCC(C)OC,298.15,6,30.161022,1.2496008
1490,1960.9890674992089,CCC(C)OC(C)(C)C,298.15,9,38.69083,2.2086368
1320,1889.269365055424,CCC(C)OC(C)=O,298.15,8,40.709877,2.2943192
2305,1849.9783753548656,CCC(C)OC=O,298.15,7,35.193783,2.501729
520,1715.4174272562468,CCC(C)c1ccccc1,298.15,10,47.131012,3.156896
50,2176.520103209959,CCC(CC)(CC)CC,298.15,9,41.737976,3.308433
2279,2033.523222975388,CCC(CC)C(=O)O,298.15,8,70.621315,9.803322
190,2032.8785406823515,CCC(CC)C(C)(C)C,298.15,9,39.989075,2.3354635
38,2196.107858448942,CCC(CC)C(C)C,298.15,8,38.02899,1.5699972
20,2192.6077598585057,CCC(CC)CC,298.15,7,34.626396,0.9976765
1147,2444.7433070998163,CCC(CC)CO,298.15,7,53.05766,5.099619
1237,2312.140510148214,CCC(O)C(C)CO,298.15,8,80.94741,11.593639
1120,2810.429178650641,CCC(O)CC,298.15,6,49.099648,3.716897
1220,2563.8184060537983,CCC(O)CO,298.15,6,69.22554,8.480751
279,2126.221392794614,CCC/C=C/CCC,298.15,8,40.451782,3.0603771
156,1846.590624182125,CCC1(CC)CCCCC1,298.15,10,47.676437,4.098041
247,1863.5327849867456,CCC1=CCCCC1,298.15,8,41.860962,3.3102179
819,1726.67640840908,CCC1CC2C=CC1C2,298.15,9,40.031975,3.4513469
161,1798.9267629306305,CCC1CCC(CC)CC1,298.15,10,37.29432,7.7512493
107,1896.440582234804,CCC1CCCC1,298.15,7,35.58045,2.001584
140,1886.520180602592,CCC1CCCCC1,298.15,8,41.092213,2.736246
836,1611.017096966369,CCC1CCCc2ccccc21,298.15,12,60.930267,6.931917
1471,2038.420261547517,CCC1CO1,298.15,5,32.04824,1.7231115
224,2116.419849564532,CCC=C(C)C,298.15,6,31.469862,1.2520083
1018,2144.5263267344494,CCC=C(C)C=O,298.15,7,46.906597,5.0852017
1003,2274.817742463405,CCC=O,298.15,4,29.121326,1.5899788
5,2418.2475966906177,CCCC,298.15,4,20.178736,0.4192586
1059,2164.00319167875,CCCC(=O)CC,298.15,7,42.406578,3.8047256
1058,2175.6051268638685,CCCC(=O)CCC,298.15,8,45.826378,4.509418
1256,2018.062613571296,CCCC(=O)O,298.15,6,57.949722,7.392643
1332,1929.2859186621888,CCCC(=O)OC,298.15,7,39.20699,1.7736536
1293,1831.362739985672,CCCC(=O)OC(=O)CCC,298.15,11,63.50366,6.2400703
1333,1955.190761144148,CCCC(=O)OCC,298.15,8,43.649906,2.1645532
3318,1879.270079062366,CCCC(=O)OCCC(C)C,298.15,11,54.896343,4.907117
21,2208.643526995946,CCCC(C)(C)C,298.15,7,31.688662,0.7310252
2263,2019.5424497034287,CCCC(C)(C)C(=O)O,298.15,9,67.3065,8.881757
57,2084.885677906964,CCCC(C)(C)C(C)(C)C,298.15,10,44.35734,4.476122
36,2159.5620845305803,CCCC(C)(C)CC,298.15,8,38.030907,1.4285713
1060,2139.671481214619,CCCC(C)=O,298.15,6,36.544487,2.8466763
12,2248.215383692047,CCCC(C)C,298.15,6,30.471296,0.6717819
33,2162.7313863026843,CCCC(C)C(C)C,298.15,8,38.60043,1.8511888
19,2194.404210692863,CCCC(C)CC,298.15,7,34.871834,1.1309309
30,2195.421606334955,CCCC(C)CCC,298.15,8,39.604443,1.8310491
2097,2093.6565883407247,CCCC(C)CCC(C)C,298.15,10,46.169144,3.6569571
1110,2603.517087947953,CCCC(C)O,298.15,6,49.81617,3.813696
31,2203.908580762704,CCCC(CC)CC,298.15,8,38.712616,1.6734296
1116,2799.86117560686,CCCC(O)CC,298.15,7,52.547596,4.3578176
114,1928.7865659143645,CCCC1CCCC1,298.15,8,40.946247,3.0438218
149,1916.404042751823,CCCC1CCCCC1,298.15,9,46.34974,3.8881826
1019,2140.10594640303,CCCC=C(C=O)CC,298.15,9,53.090347,6.1923995
1005,2253.563069437543,CCCC=O,298.15,5,34.53052,2.7254686
7,2314.534746923369,CCCCC,298.15,5,26.000078,0.4270047
1057,2153.32415128167,CCCCC(=O)CC,298.15,8,45.849556,4.187361
2084,2139.66610096755,CCCCC(=O)CCC,298.15,9,50.84777,5.1288834
1073,2134.7816658360603,CCCCC(=O)CCCC,298.15,10,55.57156,5.73938
1258,2058.257799163396,CCCCC(=O)O,298.15,7,58.77816,7.1984887
32,2192.8131666878216,CCCCC(C)(C)C,298.15,8,36.53287,1.0223243
1062,2129.482475299983,CCCCC(C)=O,298.15,7,41.169777,3.643611
18,2225.9868630504084,CCCCC(C)C,298.15,7,34.73294,0.87339914
1263,2041.677475457634,CCCCC(C)C(=O)O,298.15,9,68.80067,9.290274
162,2156.8514151027466,CCCCC(C)C(C)C,298.15,9,43.663963,3.0377812
29,2186.80096162244,CCCCC(C)CC,298.15,8,39.561794,1.8700229
2096,2143.510796530604,CCCCC(C)CC(C)C,298.15,10,46.398884,3.1495838
93,2198.6278963055183,CCCCC(C)CCC,298.15,9,43.869545,2.6660051
88,2194.404081637223,CCCCC(C)CCCC,298.15,10,48.641094,3.4146838
3104,2242.8570168170545,CCCCC(C)CCCO,298.15,10,70.34517,8.331708
1122,2271.3379271126573,CCCCC(C)CO,298.15,8,58.104576,5.513327
1115,2450.696782294028,CCCCC(C)O,298.15,7,51.569107,4.082417
1013,2092.409773467671,CCCCC(C=O)CC,298.15,9,51.52992,5.098675
2260,2050.55469723413,CCCCC(CC)C(=O)O,298.15,10,74.9089,10.192041
7874,1937.4350182514868,CCCCC(CC)C(=O)OCCOCCOCCOC(=O)C(CC)CCCC,298.15,28,112.8152,18.088469
94,2172.156688188424,CCCCC(CC)CC,298.15,9,43.038887,2.7485008
3051,1847.587045792964,CCCCC(CC)CC=O,298.15,10,51.433567,5.9855204
3106,1929.741239780874,CCCCC(CC)CCO,298.15,10,64.04662,7.196771
1121,2448.372340379442,CCCCC(CC)CO,298.15,9,60.368416,6.3356247
3379,1892.462965071115,CCCCC(CC)COC(=O)CCCCC(=O)OCC(CC)CCCC,298.15,26,103.486084,15.748608
3343,1720.513482232892,CCCCC(CC)COC(=O)c1ccccc1,298.15,17,78.54567,9.315481
1354,1797.9196226458937,CCCCC(CC)COC(=O)c1ccccc1C(=O)OCC(CC)CCCC,298.15,28,100.339294,14.781541
3850,2228.0129114561555,CCCCC(CC)COCCO,298.15,12,70.30736,8.964016
1127,2406.6824432814064,CCCCC(O)CC,298.15,8,53.823986,4.823862
3314,2035.655449713716,CCCCC/C=C\C/C=C\CCCCCCCC(=O)OC,298.15,21,100.0,15.653776
3332,2038.9233801796163,CCCCC/C=C\C/C=C\CCCCCCCC(=O)OCC,298.15,22,101.48467,15.703268
3338,1925.891582760122,CCCCC/C=C\CC=CCCCCCCCC(=O)OCC(COC(=O)CCCCCCCC=CC/C=C\CCCCC)OC(=O)CCCCCCC/C=C\C/C=C\CCCCC,298.15,63,123.50782,22.680328
122,1939.0804143391272,CCCCC1CCCC1,298.15,9,45.915226,4.1558466
152,1928.152024101506,CCCCC1CCCCC1,298.15,10,50.778152,4.9857316
1007,2199.336324299916,CCCCC=O,298.15,6,37.480618,3.220543
11,2277.94594605918,CCCCCC,298.15,6,31.167017,0.6690873
2083,2139.66610096755,CCCCCC(=O)CC,298.15,9,51.04334,5.305438
2087,2138.154334209421,CCCCCC(=O)CCC,298.15,10,56.140118,6.101484
3052,2135.9432373588534,CCCCCC(=O)CCCCC,298.15,12,66.20401,7.22167
1262,2051.0075337101835,CCCCCC(=O)O,298.15,8,65.95784,8.574047
96,2149.600434970179,CCCCCC(C)(C)C,298.15,9,41.70229,1.9037887
1063,2121.779278801395,CCCCCC(C)=O,298.15,8,47.04695,4.7979193
28,2202.221383242901,CCCCCC(C)C,298.15,8,40.022247,1.4437362
2095,2185.061640143422,CCCCCC(C)C(C)C,298.15,10,48.102627,3.8157558
1047,2180.0649419666183,CCCCCC(C)C=O,298.15,9,53.510864,5.1498604
92,2161.837528462653,CCCCCC(C)CC,298.15,9,44.297356,2.8034096
87,2207.576780163105,CCCCCC(C)CCC,298.15,10,48.32315,3.4874287
1150,2374.8347453486936,CCCCCC(C)CO,298.15,9,63.34195,6.355448
1126,2539.984074806696,CCCCCC(C)O,298.15,8,57.481403,5.10658
3315,1907.66802972094,CCCCCC/C=C\CCCCCCCC(=O)OC,298.15,19,95.34725,13.214694
127,1959.0906128039355,CCCCCC1CCCCC1,298.15,11,55.492714,5.8411
1009,2045.5544407416328,CCCCCC=O,298.15,7,43.331577,4.0865703
17,2240.35504045069,CCCCCCC,298.15,7,36.299435,0.9095526
2085,2138.154334209421,CCCCCCC(=O)CC,298.15,10,56.4066,6.3307853
2261,2045.766155367374,CCCCCCC(=O)O,298.15,9,73.09468,9.878036
72,2187.249742373427,CCCCCCC(C)(C)C,298.15,10,45.787262,2.7554178
1083,2127.723882538979,CCCCCCC(C)=O,298.15,9,53.67084,5.859954
91,2205.230376209186,CCCCCCC(C)C,298.15,9,44.892647,2.1952825
1275,2056.4151724281487,CCCCCCC(C)C(=O)O,298.15,11,75.32533,10.397053
163,2179.6763020287667,CCCCCCC(C)C(C)C,298.15,11,53.39772,4.6564827
1046,2243.4895780120933,CCCCCCC(C)C=O,298.15,10,57.68106,5.7764645
85,2154.507483239346,CCCCCCC(C)CC,298.15,10,49.63839,3.710351
1133,2537.1176003977434,CCCCCCC(C)O,298.15,9,62.583893,5.957979
1169,2187.553113536878,CCCCCCC(CO)CCCC,298.15,13,76.87489,8.99202
1008,2177.917926804193,CCCCCCC=O,298.15,8,49.02976,5.117943
27,2228.55622992427,CCCCCCCC,298.15,8,40.653477,1.1135492
1265,2067.9430793085903,CCCCCCCC(=O)O,298.15,10,77.52577,10.707329
3325,1992.949428704808,CCCCCCCC(=O)OC,298.15,11,58.600307,5.036727
1339,2002.8129478005,CCCCCCCC(=O)OCC,298.15,12,60.948406,5.2365675
3334,1893.232588432866,CCCCCCCC(=O)OCC(COC(=O)CCCCCCC)OC(=O)CCCCCCC,298.15,33,122.21361,18.711184
1074,2140.872099153856,CCCCCCCC(C)=O,298.15,10,59.880917,6.580943
86,2194.313294517973,CCCCCCCC(C)C,298.15,10,49.576424,3.0850034
164,2175.1778908726706,CCCCCCCC(C)C(C)C,298.15,12,59.042503,5.4440527
97,2190.7569907348634,CCCCCCCC(C)CC,298.15,11,55.024956,4.6162667
1135,2414.323495695662,CCCCCCCC(C)O,298.15,10,66.45201,6.6754055
1164,2201.835762915262,CCCCCCCC(CO)CCCC,298.15,14,80.94118,9.785539
1279,1888.5663582298096,CCCCCCCC/C=C\CCCCCCCC(=O)O,298.15,20,106.731445,18.609262
1362,2027.005427100653,CCCCCCCC/C=C\CCCCCCCC(=O)OC,298.15,21,100.75957,14.66011
3878,2047.477918626428,CCCCCCCC/C=C\CCCCCCCC(=O)OCC(COC(=O)CCCCCCC/C=C\CCCCCCCC)OC(=O)CCCCCCC/C=C\CCCCCCCC,298.15,63,126.35726,22.345232
3326,2046.9128229887936,CCCCCCCC/C=C\CCCCCCCCCCCC(=O)OC,298.15,25,110.72774,17.468832
3333,2046.179326607267,CCCCCCCC/C=C\CCCCCCCCCCCC(=O)OCC,298.15,26,111.18456,17.355398
1010,2192.719169933317,CCCCCCCC=O,298.15,9,53.886444,5.826569
46,2216.721890667256,CCCCCCCCC,298.15,9,45.419003,1.5091344
1259,2063.4687309235514,CCCCCCCCC(=O)O,298.15,11,80.633385,11.166315
1345,2026.7849815553109,CCCCCCCCC(=O)OCCCC,298.15,15,74.78268,7.5155134
128,2188.719202902299,CCCCCCCCC(C)C,298.15,11,53.85086,4.0008774
165,2171.3623530592613,CCCCCCCCC(C)C(C)C,298.15,13,64.03095,6.281269
100,2185.346124193088,CCCCCCCCC(C)CC,298.15,12,59.5753,5.378811
3101,2188.5771149883712,CCCCCCCCC(CO)CCCC,298.15,15,85.3151,10.691741
3321,2031.961506993056,CCCCCCCCC=CCCCCCCCC(=O)OCC,298.15,22,102.208275,14.789393
1011,2186.040081013643,CCCCCCCCC=O,298.15,10,58.10208,6.5576496
56,2215.565237215884,CCCCCCCCCC,298.15,10,50.173145,2.4151888
1395,1993.3916695107664,CCCCCCCCCC(=O)OC,298.15,13,68.57927,6.841786
3328,2019.9298432289395,CCCCCCCCCC(=O)OCC,298.15,14,71.22829,6.9902005
129,2185.346124193088,CCCCCCCCCC(C)C,298.15,12,58.019924,4.837205
166,2168.037708417338,CCCCCCCCCC(C)C(C)C,298.15,14,68.445465,7.036435
98,2180.7043072411543,CCCCCCCCCC(C)CC,298.15,13,63.973446,6.229531
1165,2215.304135880477,CCCCCCCCCC(C)CO,298.15,13,78.77609,9.426535
131,2176.769309670991,CCCCCCCCCC(CC)CC,298.15,14,67.65865,6.9875374
1020,2180.5622540983945,CCCCCCCCCC=O,298.15,11,61.975857,7.207818
63,2213.994971051849,CCCCCCCCCCC,298.15,11,54.4963,3.4576263
130,2180.7043072411543,CCCCCCCCCCC(C)C,298.15,13,62.473316,5.67769
99,2176.769309670991,CCCCCCCCCCC(C)CC,298.15,14,68.78679,7.0391684
3103,2191.868650099224,CCCCCCCCCCC(C)CO,298.15,14,83.54794,10.459067
158,2015.791891277916,CCCCCCCCCCC1CCCCC1,298.15,16,76.57626,9.273847
64,2207.72848119806,CCCCCCCCCCCC,298.15,12,58.550568,4.423564
2385,2036.5773373159348,CCCCCCCCCCCC(=O)OC,298.15,15,78.42968,8.432888
3329,2032.797923041572,CCCCCCCCCCCC(=O)OCC,298.15,16,81.898026,8.83568
132,2176.769309670991,CCCCCCCCCCCC(C)C,298.15,14,67.192635,6.527226
3102,2191.911911773241,CCCCCCCCCCCC(C)CO,298.15,15,88.687614,11.499784
65,2214.63880138207,CCCCCCCCCCCCC,298.15,13,63.709557,5.420559
66,2210.9907093355173,CCCCCCCCCCCCCC,298.15,14,68.899345,6.328556
3310,2056.6016033083006,CCCCCCCCCCCCCC(=O)OC,298.15,17,88.47321,10.574068
1396,2034.3072843882148,CCCCCCCCCCCCCC(=O)OC(C)C,298.15,19,91.549416,11.16362
3330,2042.8896315800105,CCCCCCCCCCCCCC(=O)OCC,298.15,18,90.99822,10.813154
67,2217.271482218709,CCCCCCCCCCCCCCC,298.15,15,74.38376,7.191538
68,2211.007877118213,CCCCCCCCCCCCCCCC,298.15,16,79.18261,7.946642
3327,2042.7715863232747,CCCCCCCCCCCCCCCC(=O)OC(C)C,298.15,21,98.42071,12.766008
3320,2050.924687379132,CCCCCCCCCCCCCCCC(=O)OCC,298.15,20,98.2918,12.397635
69,2214.207046351152,CCCCCCCCCCCCCCCCC,298.15,17,83.68107,8.765702
2575,1928.626748691374,CCCCCCCCCCCCCCCc1ccccc1,298.15,21,99.59641,13.900843
573,1913.4339737571745,CCCCCCCCCCCCCCc1ccccc1,298.15,20,96.444664,12.920375
1140,2309.8898078719963,CCCCCCCCCCCCO,298.15,13,80.76138,9.80351
1137,2323.7103251531403,CCCCCCCCCCCO,298.15,12,76.3006,8.805941
1399,1870.445712037608,CCCCCCCCCCCOC(=O)c1ccccc1C(=O)OCCCCCCC,298.15,30,115.10233,16.531096
2373,1886.418906201375,CCCCCCCCCCCOC(=O)c1ccccc1C(=O)OCCCCCCCCC,298.15,32,117.70837,17.316584
1379,1900.480725194472,CCCCCCCCCCCOC(=O)c1ccccc1C(=O)OCCCCCCCCCCC,298.15,34,119.966446,18.072397
571,1951.500708819625,CCCCCCCCCCCc1ccccc1,298.15,17,84.665184,9.9466095
1136,2343.7590105402783,CCCCCCCCCCO,298.15,11,73.562584,8.175952
1378,1886.4118098112508,CCCCCCCCCCOC(=O)c1ccccc1C(=O)OCCCCCCCCCC,298.15,32,117.59348,17.247452
1310,2151.557879866164,CCCCCCCCCCOC=O,298.15,13,69.66348,7.9040956
712,1714.6177824908907,CCCCCCCCCCc1cccc2ccccc12,298.15,20,103.07359,16.991636
1356,1852.1892620912151,CCCCCCCCCOC(=O)c1ccccc1C(=O)OCCCCCCC,298.15,28,112.12794,15.798388
1374,2026.9327194497769,CCCCCCCCCOC(=O)c1ccccc1C(=O)OCCCCCCCCC,298.15,30,115.14971,16.445696
1309,2142.972118297013,CCCCCCCCCOC=O,298.15,12,65.069214,7.1276608
711,1698.687718780732,CCCCCCCCCc1cccc2ccccc12,298.15,19,100.01238,16.135767
1132,2368.394550043909,CCCCCCCCO,298.15,9,67.81981,7.0185976
3378,1978.9023323518904,CCCCCCCCOC(=O)CCCCC(=O)OCCCCCCCC,298.15,26,111.565544,15.894503
1308,2138.723735542813,CCCCCCCCOC=O,298.15,11,60.928307,6.309554
1125,2401.209671811982,CCCCCCCO,298.15,8,62.887806,6.276837
1372,2031.253761093545,CCCCCCCOC(=O)c1ccccc1C(=O)OCCCCCCC,298.15,26,108.6283,15.124658
2308,2127.5737055853115,CCCCCCCOC=O,298.15,10,56.832813,5.658347
1114,2370.365336530651,CCCCCCO,298.15,7,57.44503,5.316384
2379,1952.9281785379503,CCCCCCOC(=O)CCCCC(=O)OCCCCCC,298.15,22,102.94087,13.518829
1363,1970.8127631709303,CCCCCCOC(C)=O,298.15,10,54.570774,4.162093
2307,2119.053695883445,CCCCCCOC=O,298.15,9,52.170624,4.861127
1412,2114.723182688232,CCCCCCOCCCCCC,298.15,13,63.780903,5.514448
3865,2212.857524560659,CCCCCCOCCO,298.15,10,66.44953,7.286804
3866,2171.441952429591,CCCCCCOCCOCCO,298.15,13,79.93116,10.153412
7880,2129.495777321828,CCCCCCOCCOCCOCCO,298.15,16,96.368195,13.457462
133,1840.521183267242,CCCCCC[C@H]1CCC2CCCCC2C1,298.15,16,75.59045,12.987728
568,1841.060893288452,CCCCCCc1ccccc1,298.15,12,58.281414,5.3426695
1109,2374.214024680695,CCCCCO,298.15,6,52.837,4.3129215
1429,2162.015573491159,CCCCCOC,298.15,7,37.92518,1.4622487
3317,1786.2845841722578,CCCCCOC(=O)CCC,298.15,11,56.731476,4.547742
7855,2280.287266070418,CCCCCOCCO,298.15,9,61.281635,6.2685156
7861,2164.494033650364,CCCCCOCCOCCO,298.15,12,74.52182,8.928198
567,1823.6429030731765,CCCCCc1ccccc1,298.15,11,54.564754,4.548796
1105,2399.95468458783,CCCCO,298.15,5,50.360676,3.993867
1413,2188.401185227051,CCCCOC,298.15,6,32.305645,0.9104974
1326,1953.5442168095328,CCCCOC(=O)CC,298.15,9,48.464592,2.936554
1385,1945.4310940535968,CCCCOC(=O)CCC,298.15,10,51.70708,3.671297
1346,1992.042957676119,CCCCOC(=O)CCCC,298.15,11,56.324127,4.4065423
1384,1939.650402985387,CCCCOC(=O)CCCCCCCCC(=O)OCCCC,298.15,22,103.85236,14.18351
3344,1702.8855276891943,CCCCOC(=O)c1ccc(C(=O)OCCCC)cc1,298.15,20,99.92876,13.90217
2376,1705.8159779436485,CCCCOC(=O)c1ccccc1C(=O)OCCCC,298.15,20,90.55819,11.556985
1409,2149.6254594326697,CCCCOC(C)C,298.15,8,38.307087,1.6718541
1304,1957.8020950470795,CCCCOC=O,298.15,7,39.894905,3.0460672
1448,2175.2477313512504,CCCCOCC,298.15,7,35.276405,1.1185263
7871,1980.572303478128,CCCCOCC(C)O,298.15,9,55.235435,5.2029676
7872,1790.3207663365552,CCCCOCC(C)OCC(C)O,298.15,13,69.15346,7.5728683
1404,2136.4891708382256,CCCCOCCCC,298.15,9,44.736153,1.8581022
2862,2308.735411822868,CCCCOCCO,298.15,8,56.19656,5.732395
6870,1965.0894342264385,CCCCOCCOC(C)=O,298.15,11,58.648075,5.1779213
4857,2207.3049781246445,CCCCOCCOCCO,298.15,11,70.30751,8.32505
3870,1965.6193284411,CCCCOCCOCCOC(C)=O,298.15,14,72.919815,7.8289204
1459,1971.60987837704,CCCCOCCOCCOCCCC,298.15,15,74.5238,7.587837
3861,2130.14832776972,CCCCOCCOCCOCCO,298.15,14,86.358665,11.6845
7864,2105.681294145909,CCCCOCCOCCOCCOCCO,298.15,17,100.98119,15.012743
1483,2423.7973526966584,CCCCOO,298.15,6,51.360817,4.3124504
713,1642.632291283172,CCCCc1cccc2ccccc12,298.15,14,71.76826,9.975758
518,1812.396470408307,CCCCc1ccccc1,298.15,10,49.275097,3.4771194
1103,2404.113395269685,CCCO,298.15,4,47.521996,3.3562455
1408,2231.494342841833,CCCOC,298.15,5,27.203676,0.6839421
1336,1951.2996957311057,CCCOC(=O)C(C)C,298.15,9,44.494453,2.6843638
1324,1954.69950918158,CCCOC(=O)CC,298.15,8,43.779266,2.158998
1327,1952.9302953581653,CCCOC(=O)CCC,298.15,9,47.269535,2.887135
1375,1683.6112900702508,CCCOC(=O)c1ccccc1C(=O)OCCC,298.15,18,85.318634,10.888706
1314,1938.5277047726595,CCCOC(C)=O,298.15,7,39.266926,1.5392023
1415,2238.610599375705,CCCOCC,298.15,6,30.847609,0.8719709
3869,2352.1345525595984,CCCOCC(C)O,298.15,8,52.177773,4.881393
3868,2224.140540803321,CCCOCC(C)OCC(C)O,298.15,12,66.29102,7.246687
1446,2172.778045037023,CCCOCCC,298.15,7,35.294167,1.0425655
3859,2175.94263420034,CCCOCCOCCO,298.15,10,67.44057,7.932184
7879,2130.5723934261187,CCCOCCOCCOCCO,298.15,13,82.8566,11.24749
592,1794.555650228236,CCCc1cccc(C)c1C,298.15,11,56.455265,5.2037253
509,1783.5939986552182,CCCc1ccccc1,298.15,9,45.249622,2.7121015
1102,2438.7486681020578,CCO,298.15,3,42.543865,2.5471287
3304,1919.401188922512,CCOC(=O)C(C)(C)C,298.15,9,41.309933,2.65552
5883,2157.0466887888315,CCOC(=O)C(C)O,298.15,8,55.653534,5.3741293
1394,1790.081772614621,CCOC(=O)CC(=O)OCC,298.15,11,62.08468,5.498166
5887,1894.9305938544865,CCOC(=O)CC(C)=O,298.15,9,59.7821,6.534026
1347,1950.185630465402,CCOC(=O)CC(C)C,298.15,9,45.605427,2.4466515
2378,1900.41819385158,CCOC(=O)CCC(=O)OCC,298.15,12,64.71974,6.418216
7892,1909.44148762322,CCOC(=O)CCC(C)=O,298.15,10,60.606445,7.272376
3312,1529.2355590049965,CCOC(=O)Cc1ccccc1,298.15,12,61.686604,5.804316
1392,1694.7438203620866,CCOC(=O)OCC,298.15,8,45.30847,2.2671528
1391,1565.5481211516876,CCOC(=O)c1ccccc1,298.15,11,58.575645,4.8376865
2375,1645.6716239575978,CCOC(=O)c1ccccc1C(=O)OCC,298.15,16,78.21757,10.118964
1428,2155.836172819701,CCOC(C)(C)C,298.15,7,32.13455,1.2320768
1313,1939.288773488722,CCOC(C)=O,298.15,6,35.124577,1.2852453
1432,1752.4550840721265,CCOC(C)OCC,298.15,8,39.004444,2.35504
1436,1754.7856270016534,CCOC(OCC)OCC,298.15,10,47.830437,3.893879
1302,1980.5399576392529,CCOC=O,298.15,5,31.484737,1.9930917
1402,2370.3112569608534,CCOCC,298.15,5,26.421175,0.7121359
1434,2168.548925382829,CCOCC(C)C,298.15,7,33.445934,1.4814111
3894,2215.079832677692,CCOCC(C)O,298.15,7,47.84036,4.363641
3851,1463.6031900685334,CCOCC(C)OC(C)=O,298.15,10,50.505547,4.4635677
3891,2232.5352592177064,CCOCC(C)OCC(C)O,298.15,11,61.457027,6.7271743
3892,2161.6351372975355,CCOCC(C)OCC(C)OCC(C)O,298.15,15,78.128685,10.629133
2861,2333.5491400145493,CCOCCO,298.15,6,49.118538,5.185795
2456,2188.709209844093,CCOCCOCC,298.15,8,40.88741,2.6010103
2864,2196.210774811694,CCOCCOCCO,298.15,9,63.03216,7.516347
1458,2084.828130782453,CCOCCOCCOCC,298.15,11,57.22245,5.654767
3862,2130.9848260127355,CCOCCOCCOCCO,298.15,12,78.21026,10.69586
9869,2103.322467236794,CCOCCOCCOCCOCCO,298.15,15,94.90444,14.234158
1460,1694.040762962216,CCOCc1ccccc1,298.15,10,51.383774,4.496827
1438,2668.0156119552444,CCOO,298.15,4,55.767597,6.0750904
1462,1878.7115493624065,CCOc1ccccc1,298.15,9,49.638412,3.9040313
594,1769.7515065220998,CCc1c(C)ccc(C)c1C,298.15,11,55.84443,4.958827
595,1769.7515065220998,CCc1cc(C)c(C)cc1C,298.15,11,55.981766,5.2788906
553,1790.2490913609836,CCc1cc(CC)c(CC)c(CC)c1,298.15,14,65.39831,8.324407
555,1802.518454498793,CCc1cc(CC)c(CC)c(CC)c1CC,298.15,16,72.001564,10.004252
3545,1779.6633281182008,CCc1cc(CC)cc(CC)c1,298.15,12,57.851875,5.831336
593,1769.7515065220998,CCc1ccc(C)c(C)c1C,298.15,11,56.36796,4.557982
513,1743.2404088017436,CCc1ccc(C)cc1,298.15,9,46.993275,2.966177
545,1815.45205267087,CCc1ccc(CC)c(CC)c1,298.15,12,58.068405,5.716975
527,1800.783159687354,CCc1ccc(CC)cc1,298.15,10,51.17481,3.6147094
591,1552.4791067789631,CCc1ccc(CCc2ccccc2)cc1,298.15,16,85.84482,12.292677
1187,2062.7238827121705,CCc1ccc(O)cc1,298.15,9,64.18747,8.126444
512,1739.542802190749,CCc1cccc(C)c1,298.15,9,47.559586,3.0637465
580,1850.7705019579505,CCc1cccc(C)c1C,298.15,10,52.18796,3.9203196
526,1772.975744126402,CCc1cccc(CC)c1,298.15,10,52.00243,4.002965
548,1804.2414293545207,CCc1cccc(CC)c1CC,298.15,12,57.17928,5.7324505
2112,1820.257155691961,CCc1cccc(O)c1,298.15,9,64.19542,8.352414
704,1577.197428947295,CCc1cccc2ccccc12,298.15,12,63.4255,8.185853
504,1726.644557272332,CCc1ccccc1,298.15,8,42.10904,1.7852012
511,1772.159912530867,CCc1ccccc1C,298.15,9,46.597443,2.668377
2522,1823.7480122642269,CCc1ccccc1C(C)C,298.15,11,50.78862,3.8092475
525,1806.523093923421,CCc1ccccc1CC,298.15,10,49.52781,3.5334368
1185,2062.7238827121705,CCc1ccccc1O,298.15,9,57.25582,6.9912395
1101,2532.19382693886,CO,298.15,2,37.756664,1.6736275
2387,1797.8140739560529,COC(=O)/C=C\C(=O)OC,298.15,10,69.3193,7.4520197
9872,2011.6253670299725,COC(=O)C(C)(C)O,298.15,8,51.281868,5.5413814
9873,1888.046322002796,COC(=O)C(C)(C)OC,298.15,9,47.437206,4.1296897
2875,2010.7594818876903,COC(=O)C(C)O,298.15,7,52.844105,5.4195366
3394,1589.1230873559084,COC(=O)CC(=O)OC,298.15,9,58.266354,4.814364
5886,1922.2784422242944,COC(=O)CC(C)=O,298.15,8,56.44775,6.334019
3377,1773.6969981867903,COC(=O)CCC(=O)OC,298.15,10,60.10896,5.9193873
3897,2185.7834771646,COC(=O)CO,298.15,6,52.517815,6.1801724
2391,1893.000035093908,COC(=O)OC,298.15,6,37.95058,1.574248
3390,1576.1911501248094,COC(=O)c1ccc(C(=O)OC)c(C(=O)OC)c1,298.15,18,97.34234,14.569191
7865,1640.3904393377445,COC(=O)c1ccc(C)cc1,298.15,11,61.74057,6.0569935
1390,1536.1394190034994,COC(=O)c1ccccc1,298.15,10,55.211163,4.221242
2377,1564.654086388877,COC(=O)c1ccccc1C(=O)OC,298.15,14,77.34375,10.097277
1373,1627.1402926397168,COC(=O)c1ccccc1O,298.15,11,65.98584,8.752609
1405,2134.963295405213,COC(C)(C)C,298.15,6,29.157827,1.0297247
1312,1917.80627262982,COC(C)=O,298.15,5,32.280903,1.3590726
1411,2186.4118015098275,COC(C)C,298.15,5,26.146389,0.85592735
2876,2244.297582312079,COC(C)CO,298.15,6,50.84508,4.866706
1468,2134.856989727516,COC(C)OC,298.15,6,31.730541,1.7528268
1899,1652.4671996502927,COC1CCC=CO1,298.15,8,41.879276,3.8617482
1301,1993.378686136288,COC=O,298.15,4,27.383474,1.7106711
7858,2097.393147435978,COCC(C)=O,298.15,6,42.496956,4.0546956
3854,2439.362547456541,COCC(C)O,298.15,6,46.68584,4.0806723
1489,2120.524882777715,COCC(C)OC,298.15,7,36.68871,2.653688
2860,2306.417943728596,COCCO,298.15,5,46.61638,5.258939
1455,2166.705018618696,COCCOC,298.15,6,34.205967,2.446082
2863,2213.156809632109,COCCOCCO,298.15,8,59.267513,7.4526005
1456,2040.3000868298511,COCCOCCOC,298.15,9,49.578136,5.1490183
2869,2139.844887939112,COCCOCCOCCO,298.15,11,74.50662,10.297024
1454,2065.320845699706,COCCOCCOCCOC,298.15,12,65.07565,7.7753143
9868,2108.3978942432377,COCCOCCOCCOCCO,298.15,14,90.43252,13.57609
1469,2055.038692421912,COCCOCCOCCOCCOCCOC,298.15,18,96.40385,14.411198
1431,2123.1491026659787,COCOC,298.15,5,28.40316,1.403658
1437,2479.622938633924,COO,298.15,3,50.10889,5.4887967
2181,2151.4627242530146,C[C@@H](O)c1ccccc1,298.15,9,59.61016,5.738082
143,1867.1364853219984,C[C@@H]1CCCC[C@H]1C,298.15,8,39.70989,2.83709
145,1897.0764665632423,C[C@@H]1CCC[C@@H](C)C1,298.15,8,36.945053,3.259513
110,1913.3631653882148,C[C@@H]1CCC[C@H]1C,298.15,7,34.553776,2.35914
112,1917.464509632099,C[C@@H]1CC[C@@H](C)C1,298.15,7,40.267033,7.451375
142,1874.165481447768,C[C@H]1CCCC[C@H]1C,298.15,8,39.70989,2.83709
144,1866.5699008279687,C[C@H]1CCC[C@@H](C)C1,298.15,8,36.945053,3.259513
109,1923.7524348869088,C[C@H]1CCC[C@H]1C,298.15,7,34.553776,2.35914
111,1937.4199467028016,C[C@H]1CC[C@@H](C)C1,298.15,7,40.267033,7.451375
146,1891.2270197216303,C[C@H]1CC[C@@H](C)CC1,298.15,8,45.554874,15.7671585
147,1874.9117258211825,C[C@H]1CC[C@H](C)CC1,298.15,8,45.554874,15.7671585
148,1894.8800838788472,C[C@H]1C[C@H](C)C[C@@H](C)C1,298.15,9,44.42935,11.035618
535,1966.6036398906128,Cc1c(C)c2c(c(C)c1O)CCC(C)(CCCC(C)CCCC(C)CCCC(C)C)O2,298.15,31,96.67289,16.76023
517,1836.661770780735,Cc1cc(C(C)C)cc(C(C)C)c1,298.15,13,56.336357,5.5059886
531,1804.780936118704,Cc1cc(C)c(C)c(C)c1,298.15,10,53.06528,4.121647
516,1742.0532577512392,Cc1cc(C)cc(C)c1,298.15,9,47.713444,3.4318314
524,1762.1336229266608,Cc1ccc(C(C)C)cc1,298.15,10,49.33197,3.6617718
1175,1857.753147402812,Cc1ccc(C(C)O)cc1,298.15,10,65.26333,7.4243536
515,1789.277365069479,Cc1ccc(C)c(C)c1,298.15,9,47.927406,3.2572823
530,1799.192725006994,Cc1ccc(C)c(C)c1C,298.15,10,54.740482,4.046447
507,1710.856633141345,Cc1ccc(C)cc1,298.15,8,41.18075,2.0631037
1040,1725.8603336409776,Cc1ccc(C=O)cc1,298.15,9,57.56664,7.4651413
508,1614.4494876754447,Cc1ccc2c(c1)CCC2,298.15,10,57.42292,6.86495
1439,1431.897365172541,Cc1ccc2occ(C)c2c1,298.15,11,61.638454,7.9245234
523,1771.0043707296763,Cc1cccc(C(C)C)c1,298.15,10,49.012638,3.6606417
506,1721.561953078036,Cc1cccc(C)c1,298.15,8,42.920185,2.2335477
514,1799.949200657315,Cc1cccc(C)c1C,298.15,9,48.96052,3.0643263
1045,1750.3685164318597,Cc1cccc(C=O)c1,298.15,9,59.186924,7.445608
2184,1979.0944432279248,Cc1cccc(CO)c1,298.15,9,66.60228,8.049456
1183,2081.302362028977,Cc1cccc(O)c1,298.15,8,62.82866,8.093482
1466,1653.089593887763,Cc1cccc(OC(C)C)c1,298.15,11,57.15422,6.19452
702,1578.6707500607963,Cc1cccc2ccccc12,298.15,11,59.35819,7.249345
502,1699.6411090376753,Cc1ccccc1,298.15,7,39.627254,1.5753971
505,1754.181722253731,Cc1ccccc1C,298.15,8,42.818054,1.9657127
522,1778.8501952551112,Cc1ccccc1C(C)C,298.15,10,48.52837,3.2731495
1039,1688.6431491555672,Cc1ccccc1C=O,298.15,9,54.172638,6.2049365
1921,4185.690713402936,O,298.15,1,53.062504,11.341528
3264,1578.1188103084692,O=C(O)C1CC1,298.15,6,74.91989,18.301554
1267,1886.1171571844447,O=C(O)CC1CCCC1,298.15,9,75.16342,11.59989
1364,1377.1824954126405,O=C(OCc1ccccc1)c1ccccc1,298.15,16,82.00193,9.661322
2088,1763.748178065035,O=C1C=CCCC1,298.15,7,46.68555,5.706217
1079,1781.843303611207,O=C1CCCC1,298.15,6,51.615955,12.665149
1080,1888.2894226294968,O=C1CCCCC1,298.15,7,57.806828,13.472183
3056,1813.7063564584496,O=C1CCCCC1C1=CCCCC1,298.15,13,68.6131,8.94296
1092,1644.4423862142132,O=C1CCCO1,298.15,6,50.676006,6.5740104
1091,1691.417963991625,O=C1CCO1,298.15,5,46.555153,6.2640114
9878,1566.2111528786916,O=C1C[C@H](O)CO1,298.15,7,57.858578,8.208702
1004,1837.7812429602336,O=CC1CC=CCC1,298.15,8,48.7675,5.6319532
1012,1839.876793493093,O=CC1CCCCC1,298.15,8,50.023174,5.364226
1014,1842.4152559779009,O=CC=O,298.15,4,29.417799,2.651597
1251,2160.153996947042,O=CO,298.15,3,38.38438,11.915799
1041,1623.0726246198865,O=Cc1ccccc1,298.15,8,49.97995,5.7262526
1042,1827.027392543064,O=Cc1ccccc1O,298.15,9,59.17296,8.597954
1889,1644.441395756194,O=Cc1ccco1,298.15,7,51.248272,6.2815228
1239,1650.7210628027349,OC/C=C\CO,298.15,6,85.98819,14.1529045
1151,2140.039323988798,OC1CCCCC1,298.15,7,58.31861,6.3333015
1231,2408.755865031633,OCC(O)CO,298.15,6,98.61804,16.429544
3110,1927.385750823332,OCC1CC=CCC1,298.15,8,63.511726,12.204758
1166,1788.692417717906,OCC1CCCO1,298.15,7,56.029984,6.424182
1233,3707.6685813019726,OCCC(O)CO,298.15,7,103.505745,17.700825
1242,2166.2222202691964,OCCCCCO,298.15,7,89.75253,14.072605
1241,1982.054458717275,OCCCCO,298.15,6,81.074814,12.379037
7870,1888.53366470146,OCCCCOC1CCCO1,298.15,11,79.94534,11.222116
1212,2349.488914215396,OCCCO,298.15,5,78.46572,11.935571
2121,2071.8583550875405,OCCCc1ccccc1,298.15,10,70.471214,8.869393
1201,2406.3810843635733,OCCO,298.15,4,72.92108,9.780813
1202,2307.900525461104,OCCOCCO,298.15,7,75.74624,11.735663
1203,2190.2040949372627,OCCOCCOCCO,298.15,10,87.89906,14.200441
1204,2165.6131864187087,OCCOCCOCCOCCO,298.15,13,100.26347,17.0774
1180,2007.642589900276,OCc1ccccc1,298.15,8,62.01518,7.013432
2855,2088.7190969184467,OCc1ccco1,298.15,7,61.49881,6.966654
1996,2619.135697626337,OO,298.15,2,61.62442,11.364645
1451,1920.3818234550856,OOCCCCc1ccccc1,298.15,12,75.69755,9.825096
1450,1903.33822582899,OOCCCc1ccccc1,298.15,11,74.93839,9.608761
557,1642.9395195685313,c1ccc(C2CCCCC2)cc1,298.15,12,58.041603,6.8747506
1463,1508.860488820368,c1ccc(COCc2ccccc2)cc1,298.15,15,76.58903,8.79446
1435,1834.76390853602,c1ccc(OCC2CO2)cc1,298.15,11,65.55901,7.6522074
820,1614.2002399549108,c1ccc2c(c1)CCC2,298.15,9,49.715157,5.0547566
706,1646.2776810119874,c1ccc2c(c1)CCCC2,298.15,10,53.067696,5.550521
1419,1576.1816926970776,c1ccc2c(c1)COC2,298.15,9,54.197628,5.803339
501,1748.3978413545644,c1ccccc1,298.15,6,37.669376,1.5907496
1478,1685.3340445988974,c1ccoc1,298.15,5,26.847475,1.070814
