Unnamed: 0,DIPPR ID,temperature,smiles,total_atoms,predicted,predicted_stddev
202,401,,C#C,2,15.229976,4.085359
203,402,,C#CC,3,24.461758,3.259244
212,414,,C#CC(=C)C,5,32.048164,4.1666484
209,408,,C#CC(C)(C)C,6,28.311481,2.80692
214,419,,C#CC(C)C,5,28.270037,2.6234899
204,403,,C#CCC,4,29.945171,3.136528
206,405,,C#CCCC,5,32.60986,3.3758779
211,413,,C#CCCCC,6,40.104164,3.946988
760,2414,,C#CCCCCC,7,42.852406,4.682878
213,416,,C#CCCCCCC,8,48.41892,6.12824
216,426,,C#CCCCCCCC,9,52.294342,6.7199526
217,427,,C#CCCCCCCCC,10,57.58563,7.784195
469,1179,,C#CCO,4,52.527454,9.101304
299,615,,C#Cc1ccccc1,8,48.78376,5.461102
215,424,,C(#Cc1ccccc1)c1ccccc1,14,78.540855,9.0625725
320,731,,C(=C(c1ccccc1)c1ccccc1)c1ccccc1,20,79.22351,9.383676
323,736,,C(=C/c1ccccc1)\c1ccccc1,14,63.43235,4.7644987
322,735,,C(=C\c1ccccc1)\c1ccccc1,14,71.6487,8.903727
727,2277,,C/C(=C/C(=O)O)C(=O)O,9,94.56218,18.376554
135,225,,C/C=C(/C)CC,6,40.193253,5.020915
280,583,,C/C=C(/C)c1ccccc1,10,52.776894,5.6725674
706,2226,,C/C=C(\C)CC,6,40.462055,5.1117473
119,206,,C/C=C/C,4,27.898859,2.132011
529,1274,,C/C=C/C(=O)O,6,55.81124,5.9123755
138,228,,C/C=C/C(C)C,6,40.228466,4.2498
189,314,,C/C=C/C=C/C,6,38.466434,4.660529
371,1036,,C/C=C/C=O,5,45.722374,7.1758976
122,211,,C/C=C/CC,5,36.28707,3.486165
128,218,,C/C=C/CCC,6,41.531685,4.770704
144,236,,C/C=C/CCCC,7,45.574814,5.488385
153,251,,C/C=C/CCCCC,8,49.676254,6.073967
302,619,,C/C=C/c1ccccc1,9,52.22584,5.029976
528,1273,,C/C=C\C(=O)O,6,60.035694,8.539737
137,227,,C/C=C\C(C)C,6,39.784447,4.097327
193,320,,C/C=C\C=C\C,6,41.530033,5.4706254
121,210,,C/C=C\CC,5,37.1184,3.7716365
127,217,,C/C=C\CCC,6,42.141373,4.980065
163,276,,C/C=C\CCCCC,8,50.611023,6.428019
301,618,,C/C=C\c1ccccc1,9,54.475815,5.7412343
319,728,,C1=CC(c2ccccc2)c2ccccc21,15,65.219795,8.307097
191,316,,C1=CC2C3C=CC(C3)C2C1,10,43.466946,4.4517317
337,823,,C1=CC2CCC1C2,7,32.162384,2.9732552
201,343,,C1=CC=CC=CC=C1,8,25.512922,4.3016653
190,315,,C1=CCC=C1,5,31.922632,3.1636739
198,332,,C1=CCC=CC1,6,34.654682,9.137638
197,331,,C1=CCCC=C1,6,38.659523,3.6908135
199,333,,C1=CCCC=CCC1,8,35.9627,7.6230946
194,322,,C1=CCCC=CCCC=CCC1,12,34.650364,8.453559
161,273,,C1=CCCCCC1,7,42.64718,4.463978
162,274,,C1=CCCCCCC1,8,47.58753,5.3250265
330,809,,C1=Cc2cccc3cccc1c23,12,68.978806,7.9903946
346,833,,C1C2C3CC4CC2C2C5CC6CC(C15)C3C2(C4)C6,18,64.54106,5.7896233
347,834,,C1C2CC3C4CC56CC7CC8C9CC(C2)(C(C14)C85)C3C6C9C7,22,59.13949,7.101899
333,812,,C1C2CC3C4CC5CC(C14)C(C2)C3C5,14,22.167688,11.793105
331,810,,C1C2CC3CC1CC(C2)C3,10,16.956848,9.975926
73,101,,C1CC1,3,62.564774,18.22363
344,831,,C1CC2CCC1C2,7,34.269028,5.0738864
345,832,,C1CC2CCC1CC2,8,33.904633,4.463453
103,155,,C1CCC(C2CCCCC2)CC1,12,55.752926,7.226448
74,104,,C1CCCC1,5,60.918022,18.23106
90,137,,C1CCCCC1,6,56.41746,18.275473
106,160,,C1CCCCCCC1,8,56.125973,18.283901
672,1479,,C1CCOC1,5,49.978184,21.94681
653,1452,,C1CCOCC1,6,49.60961,21.149641
645,1441,,C1CO1,3,43.7849,25.448132
647,1443,,C1COC1,4,46.70281,22.788101
633,1421,,C1COCCO1,6,38.206577,25.445515
761,2422,,C1COCOC1,6,47.4319,16.011631
634,1422,,C1OCOCO1,6,42.14213,10.48365
115,201,,C=C,2,25.703157,0.9050816
120,207,,C=C(C)C,4,28.094929,1.5470728
192,319,,C=C(C)C(=C)C,6,37.116673,4.393575
532,1278,,C=C(C)C(=O)O,6,55.540096,7.6322346
584,1351,,C=C(C)C(=O)OC,7,43.239895,4.924574
870,3899,,C=C(C)C(=O)OC(C)(C)C,10,51.308,6.9694057
614,1389,,C=C(C)C(=O)OCCCC,10,57.96377,7.656555
740,2353,,C=C(C)C(=O)OCCCCCCCCCCCCCCCC,22,101.14195,14.063602
778,2873,,C=C(C)C(=O)OCCO,9,64.81395,9.836281
779,2874,,C=C(C)C(=O)OCCOC(=O)CC(C)=O,15,87.546684,14.847259
151,248,,C=C(C)C(C)(C)C,7,37.893425,4.039596
407,1096,,C=C(C)C(C)=O,6,41.780094,5.441765
140,230,,C=C(C)C(C)C,6,38.503433,4.195198
174,290,,C=C(C)C1CC=C(C)CC1,10,58.577053,9.15773
458,1163,,C=C(C)C1CCC(C)(O)CC1,11,55.032764,5.922677
372,1037,,C=C(C)C=O,5,38.39962,5.514317
123,212,,C=C(C)CC,5,34.15533,2.2532673
154,256,,C=C(C)CC(C)(C)C,8,41.33095,4.376182
131,221,,C=C(C)CCC,6,39.021957,3.1236205
195,329,,C=C(C)CCC(=C)C,8,41.912632,4.992972
146,238,,C=C(C)CCCC,7,41.77825,3.0276947
711,2252,,C=C(C)CCCCC,8,46.811684,4.4654016
710,2251,,C=C(C)CCCCCC,9,51.06829,5.532832
803,3258,,C=C(C)CCCCCCC,10,55.08403,6.367642
899,7853,,C=C(C)OC(C)=O,7,45.95486,4.990596
463,1171,,C=C(C)c1ccc(O)cc1,10,63.241726,6.640833
297,613,,C=C(C)c1ccccc1,9,48.78373,4.474873
728,2278,,C=C(CC(=O)O)C(=O)O,9,75.05914,11.516924
139,229,,C=C(CC)CC,6,40.202126,3.8893018
183,306,,C=C/C=C/C,5,33.661736,3.004912
348,839,,C=C1C2CCC(C2)C1(C)C,10,39.907875,4.48094
410,1099,,C=C1CC(=O)O1,6,45.271748,6.048498
350,841,,C=C1CCC2CC1C2(C)C,10,47.767403,6.090955
456,1161,,C=C1CCC2[C@@](C)(CO)CCC[C@]2(C)[C@H]1CCC(C)=CCO,22,76.33095,10.748109
179,301,,C=C=C,3,24.050045,1.2254978
187,311,,C=C=C(C)C,5,34.560734,3.792871
180,302,,C=C=CC,4,30.99431,3.141255
182,304,,C=C=CCC,5,36.302845,4.415555
411,1100,,C=C=O,3,30.132355,4.522508
116,202,,C=CC,3,24.53546,1.4732646
531,1277,,C=CC(=O)O,5,45.734505,5.7640977
756,2389,,C=CC(=O)OC(C)CC,9,49.294796,6.6706166
579,1342,,C=CC(=O)OCC,7,44.917774,5.131352
752,2384,,C=CC(=O)OCC(C)C,9,50.900574,6.7971582
898,7850,,C=CC(=O)OCC(C)O,9,62.33633,9.617041
612,1386,,C=CC(=O)OCC(CC)CCCC,13,71.91826,12.339363
580,1344,,C=CC(=O)OCCCC,9,54.09921,6.4197254
896,6883,,C=CC(=O)OCCO,8,67.36418,12.223632
141,231,,C=CC(C)(C)C,6,32.220814,2.4273477
124,213,,C=CC(C)C,5,33.696598,2.4341745
132,222,,C=CC(C)CC,6,39.320972,3.5599298
147,239,,C=CC(CC)CC,7,42.893185,4.459376
821,3319,,C=CC(OC(C)=O)OC(C)=O,11,60.008736,8.601177
332,811,,C=CC1CC2C=CC1C2,9,45.51971,6.0254564
171,285,,C=CC1CC=CCC1,8,51.2453,7.9356146
149,246,,C=CC1CCCCC1,8,49.30213,5.8195524
181,303,,C=CC=C,4,27.17638,1.0470794
370,1034,,C=CC=O,4,34.3335,4.371071
118,204,,C=CCC,4,31.390018,1.483883
133,223,,C=CCC(C)C,6,39.12415,3.092813
136,226,,C=CCC(C)CC,7,43.713398,5.062871
184,307,,C=CCC=C,5,34.256214,2.4078765
188,313,,C=CCC=CC,6,40.878902,5.165661
186,310,,C=CCCC=C,6,38.850506,3.4271493
143,234,,C=CCCCCC,7,45.057198,3.4494781
200,342,,C=CCCCCCCC=C,10,57.536514,7.2563114
156,262,,C=CCCCCCCCCCC,12,64.53926,7.987461
157,263,,C=CCCCCCCCCCCC,13,69.104,8.9018345
158,264,,C=CCCCCCCCCCCCC,14,72.89348,9.168333
159,265,,C=CCCCCCCCCCCCCC,15,77.425446,9.46823
168,281,,C=CCCCCCCCCCCCCCCC,17,85.70752,10.376478
160,267,,C=CCCCCCCCCCCCCCCCC,18,89.45552,10.918057
169,283,,C=CCCCCCCCCCCCCCCCCC,19,92.79336,11.395504
170,284,,C=CCCCCCCCCCCCCCCCCCC,20,95.79366,11.825155
175,293,,C=CCCCCCCCCCCCCCCCCCCCC,22,100.88408,12.896573
176,294,,C=CCCCCCCCCCCCCCCCCCCCCCC,24,105.079956,14.099631
177,295,,C=CCCCCCCCCCCCCCCCCCCCCCCCC,26,108.65853,15.063424
178,296,,C=CCCCCCCCCCCCCCCCCCCCCCCCCCC,28,111.10035,15.740458
117,203,,C=CCCCCCCCCCCCCCCCCCCCCCCCCCCCC,30,111.95902,16.109253
126,215,,C=CCCCCCCCCCCCCCCCCCCCCCCCCCCCCCCCCCC,36,113.773735,16.86401
148,243,,C=CCCCCCCCCCCCCCCCCCCCCCCCCCCCCCCCCCCCCCC,40,114.30369,17.086285
459,1167,,C=CCO,4,60.540955,11.851245
750,2381,,C=CCOC(=O)/C=C\C(=O)OCC=C,14,92.98156,15.596825
812,3308,,C=CCOC(=O)c1ccccc1C(=O)OCC=C,18,93.37997,16.337765
665,1470,,C=COC,4,30.738392,3.1576476
757,2390,,C=COC(=O)C(C)(C)C,9,47.64803,6.881
575,1331,,C=COC(=O)CC,7,45.757465,5.622845
569,1321,,C=COC(C)=O,6,41.826164,4.759848
630,1414,,C=COC=C,5,32.912655,4.176604
648,1445,,C=COCC,5,35.628437,4.297229
650,1447,,C=COCCCC,7,44.545536,5.1599727
342,829,,C=C[C@@]1(C)C=C2CC[C@H]3[C@](C)(C(=O)O)CCC[C@]3(C)[C@H]2CC1,22,48.84294,3.0592532
343,830,,C=C[C@@]1(C)CC[C@H]2C(=CC[C@H]3[C@](C)(C(=O)O)CCC[C@]23C)C1,22,55.148224,3.5211277
303,621,,C=Cc1ccc(C(C)(C)C)cc1,12,60.624393,8.005425
296,612,,C=Cc1ccc(C)cc1,9,53.09128,5.220316
300,617,,C=Cc1ccc(C=C)cc1,10,54.404236,5.151267
295,607,,C=Cc1ccc(CC)cc1,10,57.96585,6.0782022
785,2885,,C=Cc1ccc(O)cc1,9,62.227234,6.5930543
292,603,,C=Cc1cccc(C)c1,9,56.379906,6.5220766
298,614,,C=Cc1cccc(C=C)c1,10,60.49843,8.017561
294,606,,C=Cc1cccc(CC)c1,10,61.88214,7.99644
290,601,,C=Cc1ccccc1,8,46.413456,3.5168557
291,602,,C=Cc1ccccc1C,9,53.456013,5.4642406
293,605,,C=Cc1ccccc1CC,10,57.287197,6.979324
354,1001,,C=O,2,25.98963,3.1643167
0,2,,CC,2,17.327929,1.0015415
205,404,,CC#CC,4,28.087969,2.9846826
210,412,,CC#CCC,5,34.028934,4.3578367
208,407,,CC#CCCC,6,36.70938,4.403735
881,5848,,CC(=O)C(=O)O,6,49.822258,6.4290214
391,1066,,CC(=O)C(C)(C)C,7,43.02654,4.223302
790,3053,,CC(=O)C(C)=O,6,40.36733,3.4433117
386,1061,,CC(=O)C(C)C,6,44.38518,5.47022
913,9851,,CC(=O)C(C)O,6,51.082233,6.67635
390,1065,,CC(=O)C=C(C)C,7,47.564754,6.7476425
798,3252,,CC(=O)CC(=O)O,7,65.00147,9.202545
909,7878,,CC(=O)CC(=O)OC(C)(C)C,11,65.08191,10.165831
768,2854,,CC(=O)CC(C)(C)O,8,59.64258,10.303287
395,1076,,CC(=O)CC(C)=O,7,48.888294,7.5538483
380,1054,,CC(=O)CC(C)C,7,45.927055,5.941332
874,4852,,CC(=O)CCC(=O)O,8,66.164215,9.926462
389,1064,,CC(=O)CCC(C)C,8,49.59508,7.2074804
788,2889,,CC(=O)CO,5,57.551983,9.491185
512,1252,,CC(=O)O,4,54.259373,8.498283
545,1291,,CC(=O)OC(C)=O,7,55.437317,6.584559
567,1319,,CC(=O)OC(C)C,7,42.761135,3.8961396
749,2380,,CC(=O)OC(C)OC(C)=O,10,54.9698,5.0244527
679,1895,,CC(=O)OC1CC(C)OC(C)O1,12,52.263645,6.94021
725,2274,,CC(=O)OCC(=O)O,8,73.54904,8.4739485
565,1316,,CC(=O)OCC(C)C,8,50.80319,6.55121
743,2370,,CC(=O)OCC(COC(C)=O)OC(C)=O,15,83.02532,11.459178
912,7894,,CC(=O)OCC1OC(OC2(COC(=O)C(C)C)OC(COC(C)=O)C(OC(=O)C(C)C)C2OC(=O)C(C)C)C(OC(=O)C(C)C)C(OC(=O)C(C)C)C1OC(=O)C(C)C,59,103.53021,17.06098
566,1317,,CC(=O)OCCC(C)C,9,55.21103,7.4883957
613,1387,,CC(=O)OCCOC(C)=O,10,63.400158,8.54043
588,1359,,CC(=O)OCc1ccccc1,11,66.36163,8.794827
544,1290,,CC(=O)OO,5,66.35595,11.198144
786,2886,,CC(=O)Oc1ccccc1C(=O)O,13,77.918045,7.801838
784,2884,,CC(=O)c1ccc(O)cc1,10,68.16884,7.12441
401,1090,,CC(=O)c1ccccc1,9,55.349274,5.368282
783,2883,,CC(=O)c1ccccc1O,10,65.93795,10.158199
6,9,,CC(C)(C)C,5,23.658909,0.5905371
717,2258,,CC(C)(C)C(=O)O,7,61.86898,7.83428
28,44,,CC(C)(C)C(C)(C)C,8,30.82169,1.3597108
41,62,,CC(C)(C)C1CCCCC1,10,51.731876,6.9480495
34,53,,CC(C)(C)CC(C)(C)C,9,43.771027,5.2041507
702,2195,,CC(C)(C)CC(C)(C)c1ccc(O)cc1,15,69.04617,7.7318373
39,58,,CC(C)(C)CCC(C)(C)C,10,45.026615,5.161245
421,1113,,CC(C)(C)CO,6,50.092854,4.2181206
635,1423,,CC(C)(C)OC(C)(C)C,9,42.25579,4.0735917
668,1473,,CC(C)(C)OO,6,70.53906,12.123044
674,1482,,CC(C)(C)OOC(C)(C)C,10,39.307384,4.50868
247,536,,CC(C)(C)c1cc(C(C)(C)C)cc(C(C)(C)C)c1,18,60.878902,6.539853
494,1234,,CC(C)(C)c1cc(O)ccc1O,12,69.38211,7.022963
245,534,,CC(C)(C)c1ccc(C(C)(C)C)cc1,14,55.03708,5.2395287
495,1235,,CC(C)(C)c1ccc(O)c(O)c1,12,77.48333,11.185144
474,1197,,CC(C)(C)c1ccc(O)cc1,11,61.01485,5.5394745
233,521,,CC(C)(C)c1ccccc1,10,51.09326,5.0137815
486,1214,,CC(C)(CO)CO,7,64.02051,6.4566107
904,7863,,CC(C)(CO)COC(=O)C(C)(C)CO,14,85.8333,12.805789
678,1890,,CC(C)(O)C(=O)O,7,74.70124,13.650943
781,2877,,CC(C)(O)CC(=O)CC(C)(C)O,12,79.18755,10.737826
460,1168,,CC(C)(O)c1ccccc1,10,57.72352,6.2412677
667,1472,,CC(C)(OO)c1ccccc1,11,75.754944,10.384834
670,1475,,CC(C)(OOC(C)(C)c1ccccc1)c1ccccc1,20,87.704735,13.711955
475,1198,,CC(C)(c1ccc(O)cc1)c1ccc(O)cc1,17,84.89085,9.121977
430,1131,,CC(C)(c1ccc(O)cc1)c1ccccc1O,17,89.1889,12.541058
279,581,,CC(C)(c1ccccc1)C(C)(C)c1ccccc1,18,63.10928,5.2101383
704,2197,,CC(C)(c1ccccc1)c1ccc(O)cc1,16,76.91668,9.861689
289,597,,CC(C)(c1ccccc1)c1ccccc1,15,65.26482,7.837693
142,232,,CC(C)=C(C)C,6,36.928177,2.8969216
709,2250,,CC(C)=C1C=C2CC[C@H]3[C@](C)(C(=O)O)CCC[C@]3(C)[C@H]2CC1,22,57.6532,4.044785
791,3054,,CC(C)=C=O,5,37.662666,4.468219
155,257,,CC(C)=CC(C)(C)C,8,42.534763,4.780154
196,330,,CC(C)=CC=C(C)C,8,43.564606,4.4026585
378,1051,,CC(C)=O,4,37.1609,4.0760517
2,4,,CC(C)C,4,27.955301,1.4903442
520,1260,,CC(C)C(=O)O,6,61.286903,10.7162075
808,3292,,CC(C)C(=O)OC(=O)C(C)C,11,62.845497,9.265538
787,2888,,CC(C)C(=O)OCC(C)(C)C(O)C(C)C,15,77.73999,13.288543
809,3301,,CC(C)C(=O)OCC(C)(C)C(OC(=O)C(C)C)C(C)C,20,108.15281,20.485846
35,54,,CC(C)C(C)(C)C(C)C,9,49.11736,5.0090194
33,52,,CC(C)C(C)C(C)(C)C,9,49.045902,5.347175
27,43,,CC(C)C(C)C(C)C,8,46.040073,4.5230207
496,1236,,CC(C)C(O)C(C)(C)CO,10,71.09212,8.469191
548,1294,,CC(C)C1=CC2=C(CC1)[C@@]1(C)CC[C@@](C)(C(=O)O)C[C@@H]1CC2,22,57.14332,4.657984
715,2256,,CC(C)C1=CC2=CC[C@H]3[C@](C)(C(=O)O)CCC[C@]3(C)[C@H]2CC1,22,54.1004,3.4713087
80,115,,CC(C)C1CCCC1,8,47.293705,5.876022
101,150,,CC(C)C1CCCCC1,9,50.709743,6.235934
359,1006,,CC(C)C=O,5,39.35355,4.142796
392,1068,,CC(C)CC(=O)CC(C)C,10,55.22198,7.8175373
690,2089,,CC(C)CC(=O)CC(C)CC(C)C,13,71.104904,12.139867
521,1261,,CC(C)CC(=O)O,7,66.94888,11.3471985
25,41,,CC(C)CC(C)(C)C,8,43.004616,2.8312244
13,23,,CC(C)CC(C)C,7,42.762283,3.1494637
696,2117,,CC(C)CC(O)CC(C)C,10,65.55012,11.058269
40,61,,CC(C)CC1CCCCC1,10,56.66983,8.297589
369,1032,,CC(C)CC=O,6,40.979134,5.242944
30,47,,CC(C)CCC(C)(C)C,9,48.099022,5.6572075
20,35,,CC(C)CCC(C)C,8,45.272953,4.481785
112,176,,CC(C)CCCC(C)C,9,51.585545,6.2790904
36,55,,CC(C)CCCC(C)CCCC(C)CCCCC(C)CCCC(C)CCCC(C)C,30,108.26963,21.124403
692,2099,,CC(C)CCCCC(C)C,10,53.71458,6.549857
437,1139,,CC(C)CCCCCCCO,11,81.03236,13.842551
599,1371,,CC(C)CCCCCCCOC(=O)c1ccccc1C(=O)OCCCCCCCC(C)C,32,123.35121,21.633385
698,2180,,CC(C)CCC[C@@H](C)[C@H]1CC[C@H]2[C@@H]3CC=C4C[C@@H](O)CC[C@]4(C)[C@H]3CC[C@@]21C,28,57.671856,5.590296
427,1123,,CC(C)CCO,6,65.249825,12.4208555
417,1106,,CC(C)CO,5,59.945847,10.302795
589,1360,,CC(C)COC(=O)C(C)C,10,54.318287,7.6458797
602,1376,,CC(C)COC(=O)c1ccccc1C(=O)OCC(C)C,20,94.329926,15.923721
558,1305,,CC(C)COC=O,7,48.370224,8.087372
733,2283,,CC(C)Cc1ccc(C(C)C(=O)O)cc1,15,75.10276,8.94966
231,519,,CC(C)Cc1ccccc1,10,52.346878,4.9200115
415,1104,,CC(C)O,4,52.31087,7.85997
625,1403,,CC(C)OC(C)C,7,38.410378,3.7009473
454,1159,,CC(C)[C@H]1CC[C@H](C)C[C@@H]1O,11,60.73886,6.879439
250,542,,CC(C)c1cc(C(C)C)c(C(C)C)cc1C(C)C,18,59.196133,4.004656
248,537,,CC(C)c1cc(C(C)C)cc(C(C)C)c1,15,62.070316,7.0886645
240,528,,CC(C)c1ccc(-c2ccc(C(C)C)cc2)cc1,18,79.054474,12.261869
252,544,,CC(C)c1ccc(C(C)C)cc1,12,57.2747,5.8829336
720,2264,,CC(C)c1ccc2c(c1)CCC1[C@]2(C)CCC[C@@]1(C)C(=O)O,22,69.5304,7.876317
251,543,,CC(C)c1cccc(C(C)C)c1,12,61.206432,7.5183334
224,510,,CC(C)c1ccccc1,9,51.713013,4.7146373
490,1219,,CC(CO)CO,6,90.016174,18.19137
885,5880,,CC(O)C(=O)O,6,72.74207,11.889157
713,2254,,CC(O)C(=O)OC(C)C(=O)OC(C)C(=O)O,16,100.754295,16.303658
498,1238,,CC(O)C(C)O,6,70.05749,9.2622
492,1222,,CC(O)CC(C)(C)O,8,79.29299,14.192079
705,2219,,CC(O)CC(C)O,7,64.888435,6.5120378
491,1221,,CC(O)CCO,6,87.952644,17.462854
483,1211,,CC(O)CO,5,76.948906,13.555684
485,1213,,CC(O)COCC(C)O,9,72.78617,12.57514
488,1216,,CC(O)COCC(C)OCC(C)O,13,87.59708,15.741287
526,1268,,CC(OC(C)C(=O)O)C(=O)O,11,81.16927,11.723561
652,1449,,CC(OC(C)c1ccccc1)c1ccccc1,17,75.391426,10.636439
263,562,,CC(c1ccccc1)c1ccccc1,14,66.16181,8.137016
130,220,,CC/C=C/CC,6,40.059517,4.4319882
145,237,,CC/C=C/CCC,7,46.951706,6.671845
164,277,,CC/C=C/CCCC,8,50.53202,6.885828
819,3316,,CC/C=C\C/C=C\C/C=C\CCCCCCCC(=O)OC,21,108.48286,20.923063
833,3331,,CC/C=C\C/C=C\C/C=C\CCCCCCCC(=O)OCC,22,105.380516,18.82662
840,3340,,CC/C=C\C/C=C\C/C=C\CCCCCCCC(=O)OCC(COC(=O)CCCCCCC/C=C\C/C=C\C/C=C\CC)OC(=O)CCCCCCC/C=C\C/C=C\C/C=C\CC,63,126.61297,25.637686
129,219,,CC/C=C\CC,6,41.876396,5.0492764
152,249,,CC/C=C\CCC,7,46.952446,6.672106
167,280,,CC/C=C\CCCC,8,51.709663,7.2931356
482,1210,,CC1(C)C(O)C(C)(C)C1O,10,68.9154,8.339706
92,141,,CC1(C)CCCCC1,8,52.64501,13.031554
797,3240,,CC1(O)CCC(C(C)(C)O)CC1,12,59.022045,6.1813383
448,1152,,CC1(O)CCCCC1,8,48.121853,5.889734
334,814,,CC12CC3CC(C1)CC(C)(C3)C2,12,54.06821,7.1258054
317,725,,CC1=C(C)C(C)c2ccccc21,12,55.40942,4.9909186
396,1077,,CC1=CC(=O)CC(C)(C)C1,10,63.805347,9.755937
735,2298,,CC1=CC(=O)OC1=O,8,66.23115,9.441434
318,726,,CC1=CC2CC1C1C(C)=CCC21,12,47.676643,6.9476724
457,1162,,CC1=CCC(C(C)(C)O)CC1,11,59.947613,6.811037
349,840,,CC1=CCC2CC1C2(C)C,10,46.537415,5.9722147
172,286,,CC1=CCCC1,6,40.444157,4.2128596
84,119,,CC1CC(C)C(C)C1,8,49.347305,9.98998
173,288,,CC1CC=CC1,6,42.55823,5.8147826
405,1094,,CC1CCC(=O)O1,7,61.2822,9.391487
83,118,,CC1CCC(C)(C)C1,8,46.089928,6.736078
82,117,,CC1CCC(C)C1C,8,46.306976,7.2098703
3,6,,CC1CCCC(C)(C)C1,9,45.525146,5.7114067
85,120,,CC1CCCC1(C)C,8,38.17328,4.45873
622,1400,,CC1CCCO1,6,41.980007,4.685258
646,1442,,CC1CO1,4,34.970093,4.3875675
742,2367,,CC1COC(=O)O1,7,71.56722,12.53527
901,7859,,CC1OC(=O)C(C)OC1=O,10,54.357765,7.254093
377,1050,,CC1OC(C)OC(C)O1,9,46.273495,5.300326
125,214,,CC=C(C)C,5,34.341415,3.41397
338,824,,CC=C1CC2C=CC1C2,9,47.006916,6.217766
185,308,,CC=C=CC,5,36.22405,4.979025
632,1420,,CC=Cc1ccc(OC)cc1,11,62.22978,7.253459
355,1002,,CC=O,3,31.69511,4.3480577
1,3,,CCC,3,25.01317,1.8161868
207,406,,CCC#CCC,6,37.322136,4.9895473
406,1095,,CCC(=O)C(C)C,7,46.556667,5.459279
379,1053,,CCC(=O)CC,6,41.402367,4.5308886
513,1253,,CCC(=O)O,5,54.657467,8.543708
570,1322,,CCC(=O)OC,6,42.127453,4.0811577
546,1292,,CCC(=O)OC(=O)CC,9,61.621845,8.409413
114,192,,CCC(C(C)C)C(C)C,9,51.28119,6.659516
719,2262,,CCC(C)(C)C(=O)O,8,69.04287,11.045703
32,51,,CCC(C)(C)C(C)(C)C,9,42.822235,4.638912
26,42,,CCC(C)(C)C(C)C,8,44.42959,3.839766
14,24,,CCC(C)(C)CC,7,42.388454,3.0487962
31,49,,CCC(C)(C)CC(C)C,9,49.42398,5.6051517
420,1111,,CCC(C)(C)O,6,48.50071,4.91734
703,2196,,CCC(C)(C)c1ccc(O)cc1,12,63.058674,6.2808223
23,39,,CCC(C)(CC)CC,8,44.495075,4.1149
424,1119,,CCC(C)(O)CC,7,47.42601,5.5640593
5,8,,CCC(C)C,5,34.338394,1.8075529
517,1257,,CCC(C)C(=O)O,7,66.94587,12.815013
24,40,,CCC(C)C(C)(C)C,8,45.017307,3.9089499
381,1055,,CCC(C)C(C)=O,7,48.236595,6.55688
341,828,,CCC(C)C1CCCCC1,10,57.758217,8.124725
368,1031,,CCC(C)C=O,6,43.141785,5.46584
8,13,,CCC(C)CC,6,40.988968,2.970769
418,1107,,CCC(C)O,5,56.84728,9.733781
568,1320,,CCC(C)OC(C)=O,8,49.263016,6.2653227
628,1406,,CCC(C)OC(C)CC,9,48.054817,7.064247
232,520,,CCC(C)c1ccccc1,10,53.4486,5.2127423
729,2279,,CCC(CC)C(=O)O,8,74.25647,12.0864725
113,190,,CCC(CC)C(C)(C)C,9,48.071453,5.238847
22,38,,CCC(CC)C(C)C,8,47.10607,4.8817153
11,20,,CCC(CC)CC,7,43.60969,3.414134
507,1247,,CCC(CO)(CO)CO,9,95.89459,15.53586
497,1237,,CCC(O)C(C)CO,8,86.97801,15.245958
425,1120,,CCC(O)CC,6,57.343327,8.704388
166,279,,CCC/C=C/CCC,8,48.427128,6.874432
165,278,,CCC/C=C\CCC,8,50.277477,7.484002
81,116,,CCC1(C)CCCC1,8,48.185795,6.360604
104,156,,CCC1(CC)CCCCC1,10,55.91158,6.6503215
150,247,,CCC1=CCCCC1,8,50.470375,6.2287235
91,140,,CCC1CCCCC1,8,48.866955,5.3155403
666,1471,,CCC1CO1,5,41.370705,5.352805
134,224,,CCC=C(C)C,6,41.0536,4.3868012
714,2255,,CCC=CCC=CCC=CCCCCCCCC(=O)O,20,105.52585,21.357609
356,1003,,CCC=O,4,36.440964,4.676121
384,1059,,CCCC(=O)CC,7,47.77322,6.533478
383,1058,,CCCC(=O)CCC,8,49.468163,6.376343
516,1256,,CCCC(=O)O,6,60.434185,8.948556
576,1332,,CCCC(=O)OC,7,46.601196,5.1248903
547,1293,,CCCC(=O)OC(=O)CCC,11,72.2789,11.495393
577,1333,,CCCC(=O)OCC,8,52.610313,6.481501
12,21,,CCCC(C)(C)C,7,40.37951,2.1293626
38,57,,CCCC(C)(C)C(C)(C)C,10,49.4503,6.9171124
21,36,,CCCC(C)(C)CC,8,48.03515,4.8008294
385,1060,,CCCC(C)=O,6,42.77263,5.5883527
10,19,,CCCC(C)CC,7,43.88716,3.9563556
18,30,,CCCC(C)CCC,8,49.47519,5.7967677
691,2097,,CCCC(C)CCC(C)C,10,53.907673,7.3972406
419,1110,,CCCC(C)O,6,58.506947,9.108428
79,114,,CCCC1CCCC1,8,50.045223,6.2753735
100,149,,CCCC1CCCCC1,9,54.088844,6.7017856
358,1005,,CCCC=O,5,41.87412,6.2758384
4,7,,CCCCC,5,34.412994,0.82401216
382,1057,,CCCCC(=O)CC,8,50.035255,6.251249
686,2084,,CCCCC(=O)CCC,9,54.251953,6.966176
393,1073,,CCCCC(=O)CCCC,10,57.80327,7.032305
518,1258,,CCCCC(=O)O,7,63.958652,10.216721
19,32,,CCCCC(C)(C)C,8,45.984722,3.634038
387,1062,,CCCCC(C)=O,7,46.268024,5.8423767
107,162,,CCCCC(C)C(C)C,9,53.4059,7.004825
17,29,,CCCCC(C)CC,8,49.351887,5.6767015
66,93,,CCCCC(C)CCC,9,53.544525,6.694024
63,88,,CCCCC(C)CCCC,10,57.006737,7.282256
423,1115,,CCCCC(C)O,7,57.877083,7.925763
365,1013,,CCCCC(C=O)CC,9,60.93993,10.261856
489,1218,,CCCCC(CC)(CO)CO,11,79.71198,10.6179285
718,2260,,CCCCC(CC)C(=O)O,10,88.18601,17.011591
908,7874,,CCCCC(CC)C(=O)OCCOCCOCCOC(=O)C(CC)CCCC,28,121.09081,22.286386
67,94,,CCCCC(CC)CC,9,52.70063,6.5204945
426,1121,,CCCCC(CC)CO,9,69.088,11.328189
846,3379,,CCCCC(CC)COC(=O)CCCCC(=O)OCC(CC)CCCC,26,118.400345,22.849903
842,3343,,CCCCC(CC)COC(=O)c1ccccc1,17,87.57623,14.176399
585,1354,,CCCCC(CC)COC(=O)c1ccccc1C(=O)OCC(CC)CCCC,28,107.67826,18.801777
587,1358,,CCCCC(CC)COC(C)=O,12,69.17432,11.489443
887,5882,,CCCCC(O)C(=O)O,9,90.3145,13.717983
429,1127,,CCCCC(O)CC,8,61.933685,9.534343
534,1280,,CCCCC/C=C\C/C=C\CCCCCCCC(=O)O,20,107.05363,20.60155
818,3314,,CCCCC/C=C\C/C=C\CCCCCCCC(=O)OC,21,107.181526,19.238163
834,3332,,CCCCC/C=C\C/C=C\CCCCCCCC(=O)OCC,22,110.37862,20.096563
839,3338,,CCCCC/C=C\CC=CCCCCCCCC(=O)OCC(COC(=O)CCCCCCCC=CC/C=C\CCCCC)OC(=O)CCCCCCC/C=C\C/C=C\CCCCC,63,127.25865,24.503603
102,152,,CCCCC1CCCCC1,10,57.623634,7.7629175
360,1007,,CCCCC=O,6,43.732788,5.988878
7,11,,CCCCCC,6,38.08174,0.9930577
685,2083,,CCCCCC(=O)CC,9,53.863754,6.790927
789,3052,,CCCCCC(=O)CCCCC,12,67.22491,7.866699
522,1262,,CCCCCC(=O)O,8,68.62956,10.194825
68,96,,CCCCCC(C)(C)C,9,51.05014,5.3272185
388,1063,,CCCCCC(C)=O,8,50.891983,6.8743567
16,28,,CCCCCC(C)C,8,49.16369,4.599083
65,92,,CCCCCC(C)CC,9,53.617123,6.70224
62,87,,CCCCCC(C)CCC,10,57.386032,7.5230293
362,1009,,CCCCCC=O,7,48.574104,6.8635707
9,17,,CCCCCCC,7,43.60229,1.5883285
687,2085,,CCCCCCC(=O)CC,10,58.910492,7.7549305
399,1083,,CCCCCCC(C)=O,9,57.093403,7.94853
64,91,,CCCCCCC(C)C,9,52.32397,5.3403244
108,163,,CCCCCCC(C)C(C)C,11,64.56936,9.884908
60,85,,CCCCCCC(C)CC,10,57.914326,7.7229013
432,1133,,CCCCCCC(C)O,9,68.249535,9.335433
461,1169,,CCCCCCC(CO)CCCC,13,87.41475,14.7081585
361,1008,,CCCCCCC=O,8,53.680695,7.7238493
15,27,,CCCCCCCC,8,45.938972,2.0047169
524,1265,,CCCCCCCC(=O)O,10,78.34972,11.183067
827,3325,,CCCCCCCC(=O)OC,11,64.17062,8.333517
578,1339,,CCCCCCCC(=O)OCC,12,67.28001,8.940712
835,3334,,CCCCCCCC(=O)OCC(COC(=O)CCCCCCC)OC(=O)CCCCCCC,33,123.819466,19.535027
394,1074,,CCCCCCCC(C)=O,10,62.89055,8.488648
61,86,,CCCCCCCC(C)C,10,57.091675,6.5111127
109,164,,CCCCCCCC(C)C(C)C,12,68.85164,10.617077
69,97,,CCCCCCCC(C)CC,11,63.72046,9.13634
434,1135,,CCCCCCCC(C)O,10,72.50396,10.238234
533,1279,,CCCCCCCC/C=C\CCCCCCCC(=O)O,20,108.00827,19.259449
590,1362,,CCCCCCCC/C=C\CCCCCCCC(=O)OC,21,101.32079,14.974816
866,3878,,CCCCCCCC/C=C\CCCCCCCC(=O)OCC(COC(=O)CCCCCCC/C=C\CCCCCCCC)OC(=O)CCCCCCC/C=C\CCCCCCCC,63,128.48059,23.46085
861,3867,,CCCCCCCC/C=C\CCCCCCCC(=O)OCC(O)CO,25,120.17332,20.256815
865,3877,,CCCCCCCC/C=C\CCCCCCCC(=O)OCC(O)COC(=O)CCCCCCC/C=C\CCCCCCCC,44,123.90603,21.505589
805,3266,,CCCCCCCC/C=C\CCCCCCCCCCCC(=O)O,24,111.03967,19.25448
828,3326,,CCCCCCCC/C=C\CCCCCCCCCCCC(=O)OC,25,113.43784,18.923716
363,1010,,CCCCCCCC=O,9,57.34672,7.9487076
29,46,,CCCCCCCCC,9,50.845867,3.2460089
519,1259,,CCCCCCCCC(=O)O,11,81.85254,11.861071
581,1345,,CCCCCCCCC(=O)OCCCC,15,81.49187,11.251232
86,128,,CCCCCCCCC(C)C,11,59.78982,6.9949284
110,165,,CCCCCCCCC(C)C(C)C,13,72.715485,11.263927
72,100,,CCCCCCCCC(C)CC,12,67.18682,9.738963
823,3321,,CCCCCCCCC=CCCCCCCCC(=O)OCC,22,107.13883,17.452372
364,1011,,CCCCCCCCC=O,10,60.635708,8.188318
37,56,,CCCCCCCCCC,10,54.051334,4.0379996
514,1254,,CCCCCCCCCC(=O)O,12,81.92173,11.071012
620,1395,,CCCCCCCCCC(=O)OC,13,72.79181,9.446391
830,3328,,CCCCCCCCCC(=O)OCC,14,75.92911,9.750162
836,3335,,CCCCCCCCCC(=O)OCC(COC(=O)CCCCCCCCC)OC(=O)CCCCCCCCC,39,124.444374,19.422134
87,129,,CCCCCCCCCC(C)C,12,64.217186,8.177405
111,166,,CCCCCCCCCC(C)C(C)C,14,76.0522,11.565455
70,98,,CCCCCCCCCC(C)CC,13,71.85746,10.924257
42,63,,CCCCCCCCCCC,11,58.49752,5.3522344
88,130,,CCCCCCCCCCC(C)C,13,67.28345,8.609432
71,99,,CCCCCCCCCCC(C)CC,14,74.89104,10.735544
105,158,,CCCCCCCCCCC1CCCCC1,16,79.11464,10.915812
43,64,,CCCCCCCCCCCC,12,61.584553,6.0373325
527,1269,,CCCCCCCCCCCC(=O)O,14,86.89775,11.5442095
753,2385,,CCCCCCCCCCCC(=O)OC,15,80.59149,9.7183695
831,3329,,CCCCCCCCCCCC(=O)OCC,16,84.78557,10.5535
837,3336,,CCCCCCCCCCCC(=O)OCC(COC(=O)CCCCCCCCCCC)OC(=O)CCCCCCCCCCC,45,124.928535,19.515436
89,132,,CCCCCCCCCCCC(C)C,14,72.24216,9.620143
367,1025,,CCCCCCCCCCCC=O,13,69.0499,7.603467
44,65,,CCCCCCCCCCCCC,13,66.71491,7.2001214
814,3310,,CCCCCCCCCCCCCC(=O)OC,17,89.1586,10.980476
832,3330,,CCCCCCCCCCCCCC(=O)OCC,18,92.41195,11.659183
838,3337,,CCCCCCCCCCCCCC(=O)OCC(COC(=O)CCCCCCCCCCCCC)OC(=O)CCCCCCCCCCCCC,51,124.53466,19.549906
45,67,,CCCCCCCCCCCCCCC,15,75.92479,8.110583
46,68,,CCCCCCCCCCCCCCCC,16,79.88616,8.364356
815,3311,,CCCCCCCCCCCCCCCC(=O)OC,19,95.880806,11.949755
829,3327,,CCCCCCCCCCCCCCCC(=O)OC(C)C,21,99.75703,13.541754
822,3320,,CCCCCCCCCCCCCCCC(=O)OCC,20,98.40042,12.4624405
825,3323,,CCCCCCCCCCCCCCCC(=O)OCC(COC(=O)CCCCCCCCCCCCCCC)OC(=O)CCCCCCCCCCCCCCC,57,124.17919,19.592848
47,69,,CCCCCCCCCCCCCCCCC,17,83.99723,8.95295
48,70,,CCCCCCCCCCCCCCCCCC,18,87.782684,9.548859
530,1276,,CCCCCCCCCCCCCCCCCC(=O)O,20,103.781654,15.351957
813,3309,,CCCCCCCCCCCCCCCCCC(=O)OC,21,101.252365,13.053597
824,3322,,CCCCCCCCCCCCCCCCCC(=O)OCC,22,103.36179,13.640346
826,3324,,CCCCCCCCCCCCCCCCCC(=O)OCC(COC(=O)CCCCCCCCCCCCCCCCC)OC(=O)CCCCCCCCCCCCCCCCC,63,123.90254,19.636494
609,1383,,CCCCCCCCCCCCCCCCCC(=O)OCCCC,24,107.77818,15.149053
49,71,,CCCCCCCCCCCCCCCCCCC,19,91.35508,10.192758
50,73,,CCCCCCCCCCCCCCCCCCCC,20,94.448784,10.701229
817,3313,,CCCCCCCCCCCCCCCCCCCC(=O)OC,23,105.639366,14.320898
51,74,,CCCCCCCCCCCCCCCCCCCCC,21,97.28365,11.187689
52,75,,CCCCCCCCCCCCCCCCCCCCCC,22,99.8023,11.692103
53,76,,CCCCCCCCCCCCCCCCCCCCCCC,23,102.055405,12.385799
54,77,,CCCCCCCCCCCCCCCCCCCCCCCC,24,104.1305,13.030711
55,78,,CCCCCCCCCCCCCCCCCCCCCCCCC,25,106.032135,13.607316
56,79,,CCCCCCCCCCCCCCCCCCCCCCCCCC,26,107.7938,14.111533
57,80,,CCCCCCCCCCCCCCCCCCCCCCCCCCC,27,109.36914,14.548843
58,81,,CCCCCCCCCCCCCCCCCCCCCCCCCCCC,28,110.78861,14.995002
59,82,,CCCCCCCCCCCCCCCCCCCCCCCCCCCCC,29,111.682144,15.303167
683,2081,,CCCCCCCCCCCCCCCCCCCCCCCCCCCCCC,30,112.12898,15.530163
684,2082,,CCCCCCCCCCCCCCCCCCCCCCCCCCCCCCCC,32,112.88098,15.916719
688,2086,,CCCCCCCCCCCCCCCCCCCCCCCCCCCCCCCCCCCC,36,114.01432,16.455658
796,3111,,CCCCCCCCCCCCCCCCCCCCCCO,23,110.754456,15.753847
445,1148,,CCCCCCCCCCCCCCCCCCCCO,21,107.14072,14.639546
446,1149,,CCCCCCCCCCCCCCCCCCCO,20,105.11688,14.017052
444,1146,,CCCCCCCCCCCCCCCCCCO,19,102.75337,13.325234
767,2578,,CCCCCCCCCCCCCCCCCCc1ccccc1,24,106.29007,15.592749
443,1145,,CCCCCCCCCCCCCCCCCO,18,100.08039,12.57541
766,2577,,CCCCCCCCCCCCCCCCCc1ccccc1,23,104.31484,15.118061
442,1144,,CCCCCCCCCCCCCCCCO,17,97.04518,12.145906
765,2576,,CCCCCCCCCCCCCCCCc1ccccc1,22,102.24437,14.6437235
441,1143,,CCCCCCCCCCCCCCCO,16,93.62864,11.668165
764,2575,,CCCCCCCCCCCCCCCc1ccccc1,21,99.920456,14.072763
440,1142,,CCCCCCCCCCCCCCO,15,89.78944,11.16502
272,573,,CCCCCCCCCCCCCCc1ccccc1,20,97.41358,13.433412
439,1141,,CCCCCCCCCCCCCO,14,85.3579,10.559643
271,572,,CCCCCCCCCCCCCc1ccccc1,19,94.570076,12.686368
438,1140,,CCCCCCCCCCCCO,13,80.88346,9.878824
273,574,,CCCCCCCCCCCCc1ccccc1,18,91.428276,12.132659
436,1137,,CCCCCCCCCCCO,12,77.28201,9.410582
605,1379,,CCCCCCCCCCCOC(=O)c1ccccc1C(=O)OCCCCCCCCCCC,34,122.54294,19.372782
270,571,,CCCCCCCCCCCc1ccccc1,17,87.89856,11.657961
435,1136,,CCCCCCCCCCO,11,75.39901,9.299237
604,1378,,CCCCCCCCCCOC(=O)c1ccccc1C(=O)OCCCCCCCCCC,32,126.30342,21.528767
598,1370,,CCCCCCCCCCOC(C)=O,14,75.492256,9.811806
312,712,,CCCCCCCCCCc1cccc2ccccc12,20,104.036896,17.479092
257,554,,CCCCCCCCCCc1ccccc1,16,83.946144,11.1301
433,1134,,CCCCCCCCCO,10,73.96094,9.459021
597,1369,,CCCCCCCCCOC(C)=O,13,72.318535,9.651873
311,711,,CCCCCCCCCc1cccc2ccccc12,19,101.57574,16.948515
269,570,,CCCCCCCCCc1ccccc1,15,78.84006,10.429954
431,1132,,CCCCCCCCO,9,71.96108,9.497436
845,3378,,CCCCCCCCOC(=O)CCCCC(=O)OCCCCCCCC,26,113.52378,16.98231
608,1382,,CCCCCCCCOC(=O)c1ccccc1C(=O)OCCCCCCCC,28,110.63333,14.817819
596,1368,,CCCCCCCCOC(C)=O,12,69.22441,9.287061
560,1308,,CCCCCCCCOC=O,11,66.973854,10.111659
636,1424,,CCCCCCCCOCCCCCCCC,17,86.17424,10.719602
268,569,,CCCCCCCCc1ccccc1,14,74.96816,10.119508
428,1125,,CCCCCCCO,8,68.81537,9.783902
595,1367,,CCCCCCCOC(C)=O,11,65.67778,8.600184
737,2308,,CCCCCCCOC=O,10,63.01802,9.475596
255,549,,CCCCCCCc1ccccc1,13,69.76254,9.240438
422,1114,,CCCCCCO,7,64.05684,9.340551
748,2379,,CCCCCCOC(=O)CCCCC(=O)OCCCCCC,22,107.25602,15.98448
606,1380,,CCCCCCOC(=O)c1ccccc1C(=O)OCCCCCC,24,109.8623,17.809158
591,1363,,CCCCCCOC(C)=O,10,63.30977,8.539971
736,2307,,CCCCCCOC=O,9,59.13265,8.992957
629,1412,,CCCCCCOCCCCCC,13,70.40966,9.291706
859,3865,,CCCCCCOCCO,10,73.11322,11.466385
860,3866,,CCCCCCOCCOCCO,13,86.236916,13.823841
910,7880,,CCCCCCOCCOCCOCCO,16,102.04034,16.677029
314,714,,CCCCCCc1cccc2ccccc12,16,90.95856,14.898205
267,568,,CCCCCCc1ccccc1,12,64.67616,8.175586
820,3317,,CCCCCOC(=O)CCC,11,65.16315,9.025232
586,1357,,CCCCCOC(C)=O,9,56.88696,6.7324967
559,1306,,CCCCCOC=O,8,53.29581,7.8582954
637,1425,,CCCCCOCCCCC,11,62.42026,7.4706383
851,3714,,CCCCCc1cccc2ccccc12,15,81.91336,13.284233
266,567,,CCCCCc1ccccc1,11,61.61966,7.31678
416,1105,,CCCCO,5,60.02157,9.874221
751,2382,,CCCCOC(=O)/C=C\C(=O)OCCCC,16,106.73412,17.991802
573,1326,,CCCCOC(=O)CC,9,57.18354,7.124645
611,1385,,CCCCOC(=O)CCC,10,60.804413,8.020648
582,1346,,CCCCOC(=O)CCCC,11,65.92024,8.894249
610,1384,,CCCCOC(=O)CCCCCCCCC(=O)OCCCC,22,107.667076,16.301817
843,3344,,CCCCOC(=O)c1ccc(C(=O)OCCCC)cc1,20,101.05793,14.5528755
593,1365,,CCCCOC(=O)c1ccccc1,13,69.90123,8.472842
745,2376,,CCCCOC(=O)c1ccccc1C(=O)OCCCC,20,96.6026,14.92173
564,1315,,CCCCOC(C)=O,8,50.836567,5.1492767
557,1304,,CCCCOC=O,7,47.58733,6.888707
651,1448,,CCCCOCC,7,43.461643,3.601728
906,7871,,CCCCOCC(C)O,9,64.06748,10.192925
907,7872,,CCCCOCC(C)OCC(C)O,13,79.08345,13.642395
626,1404,,CCCCOCCCC,9,53.53716,5.2430797
773,2862,,CCCCOCCO,8,64.51934,10.725781
894,6870,,CCCCOCCOC(C)=O,11,66.496826,9.448784
878,4857,,CCCCOCCOCCO,11,79.220024,13.915446
864,3870,,CCCCOCCOCCOC(C)=O,14,78.5407,11.363089
659,1459,,CCCCOCCOCCOCCCC,15,83.50968,12.623271
856,3861,,CCCCOCCOCCOCCO,14,94.353165,16.231749
313,713,,CCCCc1cccc2ccccc12,14,75.47252,12.030249
414,1103,,CCCO,4,60.81329,10.814344
572,1324,,CCCOC(=O)CC,8,51.04586,5.8338223
574,1327,,CCCOC(=O)CCC,9,56.249725,7.285537
759,2392,,CCCOC(=O)c1ccccc1,12,66.92912,8.30702
601,1375,,CCCOC(=O)c1ccccc1C(=O)OCCC,18,90.50502,14.009038
563,1314,,CCCOC(C)=O,7,47.385468,4.6706195
556,1303,,CCCOC=O,6,41.714527,6.013592
863,3869,,CCCOCC(C)O,8,60.72721,9.9467535
862,3868,,CCCOCC(C)OCC(C)O,12,76.03622,13.32361
649,1446,,CCCOCCC,7,44.77344,3.873313
877,4855,,CCCOCCO,7,62.448257,11.168853
855,3859,,CCCOCCOCCO,10,74.78335,12.694592
283,587,,CCCc1ccc(C)cc1,10,56.461964,6.440222
282,586,,CCCc1cccc(C)c1,10,57.677013,6.842848
315,718,,CCCc1cccc2ccccc12,13,71.48687,10.999777
281,585,,CCCc1ccccc1C,10,55.67206,5.75351
413,1102,,CCO,3,54.339344,8.826896
754,2386,,CCOC(=O)/C=C\C(=O)OCC,12,75.76358,9.874414
618,1393,,CCOC(=O)C(=O)OCC,10,65.36716,8.50665
810,3304,,CCOC(=O)C(C)(C)C,9,49.24053,6.6574397
739,2337,,CCOC(=O)C(C)C,8,48.48359,5.820622
888,5883,,CCOC(=O)C(C)O,8,60.123505,8.376817
571,1323,,CCOC(=O)CC,7,45.812023,4.724942
619,1394,,CCOC(=O)CC(=O)OCC,11,68.816025,9.745888
892,5887,,CCOC(=O)CC(C)=O,9,65.580124,10.237223
583,1347,,CCOC(=O)CC(C)C,9,54.86604,7.0521755
747,2378,,CCOC(=O)CCC(=O)OCC,12,68.99749,9.329705
816,3312,,CCOC(=O)Cc1ccccc1,12,65.994705,8.152991
617,1392,,CCOC(=O)OCC,8,50.42085,5.0474367
616,1391,,CCOC(=O)c1ccccc1,11,63.0406,6.981236
744,2375,,CCOC(=O)c1ccccc1C(=O)OCC,16,80.70109,11.627781
638,1428,,CCOC(C)(C)C,7,39.362152,3.6281896
562,1313,,CCOC(C)=O,6,42.097794,3.7501383
640,1432,,CCOC(C)OCC,8,48.171432,7.272541
642,1436,,CCOC(OCC)OCC,10,55.799046,9.098701
555,1302,,CCOC=O,5,37.6887,5.629528
624,1402,,CCOCC,5,34.309097,2.3655567
868,3894,,CCOCC(C)O,7,57.650806,10.072874
772,2861,,CCOCCO,6,55.494244,9.393565
889,5884,,CCOCCOC(C)=O,9,57.66947,8.163472
763,2456,,CCOCCOCC,8,47.660522,6.1019707
775,2864,,CCOCCOCCO,9,70.38829,12.431236
890,5885,,CCOCCOCCOC(C)=O,12,70.121735,10.112005
658,1458,,CCOCCOCCOCC,11,63.432644,9.764347
857,3862,,CCOCCOCCOCCO,12,82.52208,13.474771
762,2432,,CCOCOCC,7,41.354282,4.2853327
660,1460,,CCOCc1ccccc1,10,52.698074,5.159555
644,1438,,CCOO,4,70.01259,12.661824
895,6872,,CCOc1cc(C=O)ccc1O,12,72.02629,9.384761
662,1462,,CCOc1ccccc1,9,52.963715,5.3074956
902,7860,,CC[C@H](/C=C/[C@@H](C)[C@H]1CC[C@@H]2[C@H]3CC=C4C[C@H](O)CC[C@@]4(C)[C@H]3CC[C@]12C)C(C)C,30,65.73818,8.684767
455,1160,,CC[C@H](CC[C@H](C)[C@H]1CC[C@H]2[C@@H]3CC=C4C[C@@H](O)CC[C@]4(C)[C@H]3CC[C@@]21C)C(C)C,30,60.718372,6.487881
275,576,,CCc1c(C)cccc1C,10,54.274193,5.3334827
258,556,,CCc1c(CC)c(CC)c(CC)c(CC)c1CC,18,65.27378,5.617974
287,595,,CCc1cc(C)c(C)cc1C,11,58.940586,6.77539
274,575,,CCc1cc(C)cc(C)c1,10,59.444298,7.191269
256,553,,CCc1cc(CC)c(CC)c(CC)c1,14,69.306946,10.376045
849,3545,,CCc1cc(CC)cc(CC)c1,12,65.14528,9.005721
244,533,,CCc1ccc(C(C)(C)C)cc1,12,59.24061,7.345213
277,579,,CCc1ccc(C)c(C)c1,10,59.020847,6.4546394
226,513,,CCc1ccc(C)cc1,9,52.293324,4.655167
276,578,,CCc1ccc(C)cc1C,10,58.514095,6.3409004
253,545,,CCc1ccc(CC)c(CC)c1,12,66.156586,9.1668005
239,527,,CCc1ccc(CC)cc1,10,55.4373,5.0019255
288,596,,CCc1ccc(CCc2ccc(CC)cc2)cc1,18,90.00082,12.363472
473,1187,,CCc1ccc(O)cc1,9,62.7011,7.064317
850,3710,,CCc1ccc2cc(CC)ccc2c1,14,68.35179,8.315464
316,719,,CCc1ccc2ccccc2c1,12,67.009476,9.952298
225,512,,CCc1cccc(C)c1,9,55.600548,5.677003
278,580,,CCc1cccc(C)c1C,10,57.36407,5.6703386
238,526,,CCc1cccc(CC)c1,10,59.641014,6.7140303
693,2112,,CCc1cccc(O)c1,9,66.61495,9.8943
307,704,,CCc1cccc2ccccc12,12,66.50825,9.532853
220,504,,CCc1ccccc1,8,49.32545,3.9865131
237,525,,CCc1ccccc1CC,10,53.076946,4.7402086
471,1185,,CCc1ccccc1O,9,59.19445,8.226928
412,1101,,CO,2,47.194042,5.8914905
623,1401,,COC,3,26.852818,1.7979537
755,2387,,COC(=O)/C=C\C(=O)OC,10,73.469826,10.230658
738,2332,,COC(=O)C(C)C,7,43.858128,4.6660447
780,2875,,COC(=O)C(C)O,7,60.304874,10.122836
621,1397,,COC(=O)C1CCC(C(=O)OC)CC1,14,37.250065,2.293467
848,3394,,COC(=O)CC(=O)OC,9,66.04744,9.913725
891,5886,,COC(=O)CC(C)=O,8,63.198124,10.645775
844,3377,,COC(=O)CCC(=O)OC,10,60.73936,6.33956
869,3897,,COC(=O)CO,6,54.901436,7.87644
758,2391,,COC(=O)OC,6,39.819298,1.8357831
911,7891,,COC(=O)c1ccc(C(=O)O)cc1,13,67.12992,5.876205
847,3390,,COC(=O)c1ccc(C(=O)OC)c(C(=O)OC)c1,18,100.893684,16.869823
607,1381,,COC(=O)c1ccc(C(=O)OC)cc1,14,66.54166,4.57971
920,9886,,COC(=O)c1ccc(C(=O)OCCO)cc1,16,90.97048,11.200055
905,7865,,COC(=O)c1ccc(C)cc1,11,61.211178,5.76131
903,7862,,COC(=O)c1ccc(C=O)cc1,12,67.716805,8.129713
741,2355,,COC(=O)c1ccc2cc(C(=O)OC)ccc2c1,18,86.55677,8.777628
603,1377,,COC(=O)c1cccc(C(=O)OC)c1,14,75.34994,7.791028
615,1390,,COC(=O)c1ccccc1,10,57.626427,5.202354
746,2377,,COC(=O)c1ccccc1C(=O)OC,14,79.31123,11.291254
600,1373,,COC(=O)c1ccccc1O,11,68.775894,10.367278
627,1405,,COC(C)(C)C,6,36.152534,2.9752593
561,1312,,COC(C)=O,5,39.605743,3.9813123
853,3855,,COC(C)COC(C)CO,10,78.58727,15.082937
854,3857,,COC(C)COC(C)COC(C)CO,14,90.7604,17.078468
664,1468,,COC(C)OC,6,40.25829,5.635167
554,1301,,COC=O,4,34.30506,5.1568856
879,4875,,COCC(=O)O,6,57.75167,8.551384
900,7858,,COCC(C)=O,6,46.787262,6.7348566
852,3854,,COCC(C)O,6,56.336586,10.0153885
771,2860,,COCCO,5,54.81861,10.066558
655,1455,,COCCOC,6,39.219414,5.3278413
774,2863,,COCCOCCO,8,67.33938,12.930901
656,1456,,COCCOCCOC,9,56.371376,9.291532
776,2869,,COCCOCCOCCO,11,81.03846,14.653261
654,1454,,COCCOCCOCCOC,12,71.37331,12.065763
657,1457,,COCCOCCOCCOCCOC,15,87.81252,14.476407
639,1431,,COCOC,5,35.71843,4.529405
643,1437,,COO,3,60.960136,10.390388
324,737,,COc1cc(/C=C/c2ccccc2)cc(OC)c1,18,85.55366,11.820133
918,9883,,COc1cc(C(=O)O)ccc1O,12,76.71625,8.455461
871,4849,,COc1cc(C(C)=O)ccc1O,12,70.949684,7.6372957
872,4850,,COc1cc(C=O)ccc1O,11,70.990555,9.21253
675,1875,,COc1ccc(CC(=O)O)cc1,12,79.379486,10.021765
770,2859,,COc1ccc(O)cc1,9,67.61169,7.898073
915,9875,,COc1cccc(OC)c1O,11,66.00221,8.270551
661,1461,,COc1ccccc1,8,50.184254,4.2849226
876,4854,,COc1ccccc1O,9,57.925835,7.361417
699,2181,,C[C@@H](O)c1ccccc1,9,59.918774,5.9227786
94,143,,C[C@@H]1CCCC[C@H]1C,8,45.87953,5.37737
450,1154,,C[C@@H]1CCCC[C@H]1O,8,57.292316,6.981482
96,145,,C[C@@H]1CCC[C@@H](C)C1,8,42.75299,5.305119
452,1156,,C[C@@H]1CCC[C@@H](O)C1,8,56.9164,6.8449254
76,110,,C[C@@H]1CCC[C@H]1C,7,41.807034,5.207816
78,112,,C[C@@H]1CC[C@@H](C)C1,7,45.627544,8.28275
93,142,,C[C@H]1CCCC[C@H]1C,8,43.633587,4.5176554
449,1153,,C[C@H]1CCCC[C@H]1O,8,56.514614,6.4165387
95,144,,C[C@H]1CCC[C@@H](C)C1,8,42.064186,5.1222787
451,1155,,C[C@H]1CCC[C@@H](O)C1,8,57.270893,7.1028466
75,109,,C[C@H]1CCC[C@H]1C,7,38.60277,4.0569744
77,111,,C[C@H]1CC[C@@H](C)C1,7,45.619865,8.283944
97,146,,C[C@H]1CC[C@@H](C)CC1,8,48.71033,13.954289
453,1157,,C[C@H]1CC[C@@H](O)CC1,8,48.36343,13.827467
98,147,,C[C@H]1CC[C@H](C)CC1,8,47.416725,14.823881
99,148,,C[C@H]1C[C@H](C)C[C@@H](C)C1,9,48.22854,11.83517
254,547,,Cc1c(C)c(C)c(C)c(C)c1C,12,54.455326,3.1324944
246,535,,Cc1c(C)c2c(c(C)c1O)CCC(C)(CCCC(C)CCCC(C)CCCC(C)C)O2,31,98.713905,17.867565
694,2113,,Cc1cc(C(C)(C)C)c(O)c(C(C)(C)C)c1,16,65.883705,7.670681
230,517,,Cc1cc(C(C)C)cc(C(C)C)c1,13,62.50518,7.84638
242,531,,Cc1cc(C)c(C)c(C)c1,10,56.566406,5.552888
249,541,,Cc1cc(C)c(C)c(C)c1C,11,56.907238,4.3857307
243,532,,Cc1cc(C)c(C)cc1C,10,50.53493,2.743186
229,516,,Cc1cc(C)cc(C)c1,9,52.182243,4.9870133
468,1178,,Cc1cc(C)cc(O)c1,9,60.962578,6.607618
794,3108,,Cc1cc(O)cc(C(C)C)c1,11,65.28404,8.039985
795,3109,,Cc1cc(O)ccc1C(C)C,11,61.22363,4.9074044
537,1283,,Cc1ccc(C(=O)O)cc1,10,69.237305,6.6435003
793,3107,,Cc1ccc(C(C)C)c(O)c1,11,67.223625,8.231102
236,524,,Cc1ccc(C(C)C)cc1,10,55.184586,5.6673813
228,515,,Cc1ccc(C)c(C)c1,9,52.26732,4.627275
241,530,,Cc1ccc(C)c(C)c1C,10,57.126938,5.118934
465,1174,,Cc1ccc(C)c(O)c1,9,59.03163,5.4679437
223,507,,Cc1ccc(C)cc1,8,41.688026,2.152172
373,1040,,Cc1ccc(C=O)cc1,9,59.59416,8.657793
700,2182,,Cc1ccc(CO)cc1,9,65.44607,6.238365
464,1172,,Cc1ccc(O)c(C)c1,9,61.493248,7.7538233
467,1177,,Cc1ccc(O)cc1C,9,61.740368,6.413806
309,709,,Cc1ccc2cc(C)ccc2c1,12,62.502117,5.3943715
306,703,,Cc1ccc2ccccc2c1,11,62.196266,7.97044
799,3253,,Cc1cccc(C(=O)O)c1,10,71.88504,7.750374
235,523,,Cc1cccc(C(C)C)c1,10,54.651943,5.5305066
222,506,,Cc1cccc(C)c1,8,47.021152,3.3816214
227,514,,Cc1cccc(C)c1C,9,51.951824,3.8932505
466,1176,,Cc1cccc(C)c1O,9,56.253212,5.993557
462,1170,,Cc1cccc(O)c1C,9,57.931858,5.2227874
335,817,,Cc1cccc2ccc3ccccc3c12,15,78.38797,10.889601
305,702,,Cc1cccc2ccccc12,11,63.24665,8.518871
219,502,,Cc1ccccc1,7,46.189594,3.4258595
221,505,,Cc1ccccc1C,8,45.53983,2.6344051
536,1282,,Cc1ccccc1C(=O)O,10,68.66816,7.001184
234,522,,Cc1ccccc1C(C)C,10,54.743103,5.2287574
701,2183,,Cc1ccccc1CO,9,65.340645,7.545582
680,1921,,O,1,55.232334,11.474224
721,2268,,O=C(O)/C=C/C(=O)O,8,64.15921,11.684748
724,2271,,O=C(O)/C=C/c1ccccc1,11,72.05366,6.6900635
540,1286,,O=C(O)/C=C\C(=O)O,8,87.47963,16.326355
515,1255,,O=C(O)C(=O)O,6,64.08491,11.118274
804,3264,,O=C(O)C1CC1,6,75.66866,18.64325
523,1264,,O=C(O)C1CCC(C(=O)O)CC1,12,46.491093,12.089987
800,3254,,O=C(O)C1CCC2CCCC21,11,87.82182,17.754728
806,3268,,O=C(O)CC(=O)O,7,89.30391,17.440643
884,5879,,O=C(O)CC(O)(CC(=O)O)C(=O)O,13,98.87205,18.858257
875,4853,,O=C(O)CC(O)C(=O)O,9,95.48061,17.472574
525,1267,,O=C(O)CC1CCCC1,9,76.165344,12.17037
730,2280,,O=C(O)CCC(=O)O,8,72.01869,10.658138
731,2281,,O=C(O)CCCC(=O)O,9,87.93921,16.53434
539,1285,,O=C(O)CCCCC(=O)O,10,84.97674,14.366051
722,2269,,O=C(O)CCCCCC(=O)O,11,94.0473,17.039858
723,2270,,O=C(O)CCCCCCC(=O)O,12,91.02865,14.901217
716,2257,,O=C(O)CCCCCCCC(=O)O,13,97.92046,16.66531
726,2275,,O=C(O)CCCCCCCCC(=O)O,14,96.81831,15.476604
801,3255,,O=C(O)CCCCCCCCCCC(=O)O,16,99.650345,16.330383
802,3256,,O=C(O)CCCCCCCCCCCCC(=O)O,18,100.69756,16.784805
883,5878,,O=C(O)CCCCCO,9,92.73271,16.214895
676,1887,,O=C(O)CO,5,79.01975,14.376134
873,4851,,O=C(O)COCC(=O)O,9,85.520645,12.983926
886,5881,,O=C(O)[C@@H](O)[C@H](O)C(=O)O,10,86.06596,13.95138
732,2282,,O=C(O)c1cc(C(=O)O)c(C(=O)O)cc1C(=O)O,18,85.54111,9.686326
712,2253,,O=C(O)c1ccc(C(=O)O)c(C(=O)O)c1,15,85.83255,9.859067
543,1289,,O=C(O)c1ccc(C(=O)O)cc1,12,50.99753,5.350648
916,9876,,O=C(O)c1ccc(C(=O)O)o1,11,77.689095,14.408943
919,9884,,O=C(O)c1ccc(C(=O)OCCO)cc1,15,89.64204,9.875908
807,3281,,O=C(O)c1ccc(CO)cc1,11,76.12011,7.855157
553,1299,,O=C(O)c1ccc2c(c1)C(=O)OC2=O,14,121.71925,21.240005
734,2289,,O=C(O)c1ccc2cc(C(=O)O)ccc2c1,16,79.304375,12.481642
542,1288,,O=C(O)c1cccc(C(=O)O)c1,12,65.76312,6.9632816
535,1281,,O=C(O)c1ccccc1,9,63.653168,5.726034
541,1287,,O=C(O)c1ccccc1C(=O)O,12,77.64073,8.141546
538,1284,,O=C(O)c1ccccc1O,10,74.118195,7.865821
893,5893,,O=C(OCC(O)CO)c1ccc(C(=O)OCC(O)CO)cc1,22,126.933105,21.164696
897,6886,,O=C(OCCO)c1ccc(C(=O)OCCO)cc1,18,110.12683,16.744522
592,1364,,O=C(OCc1ccccc1)c1ccccc1,16,82.510414,9.916637
673,1481,,O=C(OOC(=O)c1ccccc1)c1ccccc1,18,105.45611,13.600845
400,1085,,O=C(c1ccccc1)c1ccccc1,14,67.57624,7.289358
409,1098,,O=C1C=CC(=O)C=C1,8,65.65975,13.830836
552,1298,,O=C1C=CC(=O)O1,7,58.570232,7.3890495
689,2088,,O=C1C=CCCC1,7,50.774715,6.9073944
549,1295,,O=C1CCC(=O)O1,7,57.32905,4.9918184
550,1296,,O=C1CCCC(=O)O1,8,65.00357,8.453335
397,1079,,O=C1CCCC1,6,49.332928,10.884168
398,1080,,O=C1CCCCC1,7,56.117783,12.15196
792,3056,,O=C1CCCCC1C1=CCCCC1,13,70.09196,9.758889
408,1097,,O=C1CCCCC1C1CCCCC1,13,68.31339,10.422089
404,1093,,O=C1CCCCCO1,8,59.505615,7.873089
403,1092,,O=C1CCCO1,6,54.135765,7.704973
402,1091,,O=C1CCO1,5,49.288284,7.1230717
917,9878,,O=C1C[C@H](O)CO1,7,62.8629,11.477378
551,1297,,O=C1OC(=O)c2ccccc21,11,93.858444,12.348836
882,5877,,O=C1OC([C@H](O)CO)C(O)=C1O,12,91.19704,18.014032
594,1366,,O=C1OCCO1,6,65.89819,9.862996
811,3306,,O=C1OCc2ccccc21,10,76.550896,9.979736
352,909,,O=C=O,3,13.198274,2.466816
357,1004,,O=CC1CC=CCC1,8,57.432446,9.831353
366,1014,,O=CC=O,4,29.982346,2.983509
511,1251,,O=CO,3,39.97509,12.102781
777,2871,,O=Cc1ccc(C(=O)O)cc1,11,62.14358,5.5577984
376,1044,,O=Cc1ccc(C=O)cc1,10,58.271973,5.7788343
375,1043,,O=Cc1ccc(O)cc1,9,63.453316,6.2161846
782,2880,,O=Cc1ccccc1C(=O)O,11,74.80355,9.383715
374,1042,,O=Cc1ccccc1O,9,60.71274,9.605212
677,1889,,O=Cc1ccco1,7,55.302734,9.078642
351,901,,O=O,2,7.781189,3.4142566
353,924,,O=[O+][O-],3,27.127357,4.910035
500,1240,,OC/C=C/CO,6,85.74055,14.010257
499,1239,,OC/C=C\CO,6,87.495636,15.0211935
509,1249,,OC1C(O)C(O)C(O)C(O)C1O,12,39.617527,21.888866
447,1151,,OC1CCCCC1,7,58.427,6.3910155
487,1215,,OCC#CCO,6,86.113914,17.045471
506,1246,,OCC(CO)(CO)CO,9,79.30806,11.490303
480,1206,,OCC(O)C(O)C(O)CO,10,123.70488,21.284447
493,1231,,OCC(O)CO,6,99.35087,16.861689
481,1207,,OCC(O)c1ccccc1,10,75.55526,8.850073
708,2249,,OCC1CCC(CO)CC1,10,66.17886,16.650108
858,3864,,OCC1CO1,5,61.835407,10.9707775
707,2248,,OCCCCCCCCCCO,12,93.77338,12.801095
503,1243,,OCCCCCCO,8,86.77783,12.736404
502,1242,,OCCCCCO,7,94.03216,16.60817
501,1241,,OCCCCO,6,81.59819,12.698602
484,1212,,OCCCO,5,83.771126,15.174165
697,2121,,OCCCc1ccccc1,10,74.436386,11.204892
476,1201,,OCCO,4,76.39291,12.158378
477,1202,,OCCOCCO,7,78.85294,13.960656
478,1203,,OCCOCCOCCO,10,91.08463,16.21876
479,1204,,OCCOCCOCCOCCO,13,103.65511,18.865257
695,2115,,OCCc1ccccc1,9,67.67572,10.005856
510,1250,,OC[C@H](O)[C@H](O)[C@@H](O)[C@H](O)CO,12,131.21837,23.561434
914,9870,,OC[C@H]1O[C@@H](O)[C@H](O)[C@@H](O)[C@@H]1O[C@@H]1O[C@H](CO)[C@H](O)[C@H](O)[C@H]1O,23,51.158413,18.74843
880,4881,,OC[C@H]1O[C@H](O)[C@H](O)[C@@H](O)[C@@H]1O,12,55.083244,19.784079
867,3881,,OC[C@H]1O[C@H](O[C@]2(CO)O[C@H](CO)[C@@H](O)[C@@H]2O)[C@H](O)[C@@H](O)[C@@H]1O,23,79.225624,18.604445
470,1180,,OCc1ccccc1,8,65.454994,9.060702
769,2855,,OCc1ccco1,7,64.925125,9.443084
682,1996,,OO,2,64.70124,12.607358
669,1474,,OOC1CCCCC1,8,68.13531,9.395182
472,1186,,Oc1ccc(O)cc1,8,67.12421,6.2944083
505,1245,,Oc1cccc(O)c1,8,74.18417,8.684162
508,1248,,Oc1cccc(O)c1O,9,83.02938,14.729265
504,1244,,Oc1ccccc1O,8,60.929554,5.6058097
681,1991,,[C],1,0,7.0073853
329,808,,c1cc2c3c(cccc3c1)CC2,12,62.896477,6.850103
328,807,,c1cc2ccc3cccc4ccc(c1)c2c34,16,108.64023,17.293526
260,559,,c1ccc(-c2ccc(-c3ccccc3)cc2)cc1,18,72.27793,11.14583
261,560,,c1ccc(-c2cccc(-c3ccccc3)c2)cc1,18,104.336815,20.207752
310,710,,c1ccc(-c2cccc3ccccc23)cc1,16,82.10938,11.957941
262,561,,c1ccc(-c2ccccc2-c2ccccc2)cc1,18,78.853516,10.628537
321,732,,c1ccc(C(=C(c2ccccc2)c2ccccc2)c2ccccc2)cc1,26,99.339874,9.924377
285,589,,c1ccc(C(c2ccccc2)(c2ccccc2)c2ccccc2)cc1,25,90.61324,8.862241
286,590,,c1ccc(C(c2ccccc2)C(c2ccccc2)c2ccccc2)cc1,26,75.10751,5.921714
259,557,,c1ccc(C2CCCCC2)cc1,12,59.152653,7.3112774
284,588,,c1ccc(CC(c2ccccc2)c2ccccc2)cc1,20,99.48755,13.25726
265,564,,c1ccc(CCc2ccccc2)cc1,14,71.789185,7.3881874
663,1463,,c1ccc(COCc2ccccc2)cc1,15,78.51024,9.773761
264,563,,c1ccc(Cc2ccccc2)cc1,13,61.369114,6.5694885
641,1435,,c1ccc(OCC2CO2)cc1,11,67.28065,8.578014
336,820,,c1ccc2c(c1)CCC2,9,54.06506,6.461739
308,706,,c1ccc2c(c1)CCCC2,10,56.537384,6.665081
631,1419,,c1ccc2c(c1)COC2,9,55.31749,6.2105427
325,738,,c1ccc2c(c1)Cc1ccccc1-2,13,64.99229,6.409336
326,802,,c1ccc2c(c1)c1ccccc1c1ccccc21,18,79.093445,7.5523586
327,806,,c1ccc2c(c1)ccc1c3ccccc3ccc21,18,86.58743,10.317854
339,826,,c1ccc2cc3c(ccc4ccccc43)cc2c1,18,90.12416,11.187466
340,827,,c1ccc2cc3cc4ccccc4cc3cc2c1,18,63.23856,5.348005
304,701,,c1ccc2ccccc2c1,10,51.807583,5.087375
218,501,,c1ccccc1,6,38.45749,1.6622695
671,1478,,c1ccoc1,5,32.862133,2.3946385